Year,Age,ASFR_jp,ASFR_us
1947,12,0.00000,0.00000
1947,13,0.00000,0.00026
1947,14,0.00005,0.00396
1947,15,0.00039,0.01150
1947,16,0.00184,0.03111
1947,17,0.00732,0.06562
1947,18,0.02168,0.10991
1947,19,0.04583,0.15668
1947,20,0.08737,0.18776
1947,21,0.13156,0.20254
1947,22,0.17261,0.21111
1947,23,0.21863,0.21482
1947,24,0.24590,0.20257
1947,25,0.26763,0.19465
1947,26,0.27645,0.18807
1947,27,0.28147,0.17192
1947,28,0.26676,0.15515
1947,29,0.26808,0.14600
1947,30,0.25786,0.13497
1947,31,0.24879,0.11539
1947,32,0.23521,0.10990
1947,33,0.22387,0.09651
1947,34,0.20644,0.08585
1947,35,0.19409,0.07419
1947,36,0.17484,0.06565
1947,37,0.15631,0.05609
1947,38,0.13912,0.04734
1947,39,0.12186,0.03790
1947,40,0.09917,0.02848
1947,41,0.07233,0.01882
1947,42,0.05446,0.01536
1947,43,0.03479,0.00956
1947,44,0.02156,0.00552
1947,45,0.01190,0.00301
1947,46,0.00616,0.00158
1947,47,0.00341,0.00084
1947,48,0.00222,0.00030
1947,49,0.00198,0.00015
1947,50,0.00149,0.00005
1947,51,0.00111,0.00003
1947,52,0.00084,0.00003
1947,53,0.00068,0.00002
1947,54,0.00052,0.00004
1947,55,0.00182,0.00009
1948,12,0.00000,0.00000
1948,13,0.00000,0.00028
1948,14,0.00006,0.00445
1948,15,0.00042,0.01278
1948,16,0.00224,0.03490
1948,17,0.00881,0.06987
1948,18,0.02452,0.11551
1948,19,0.05506,0.15356
1948,20,0.09828,0.18316
1948,21,0.14788,0.19529
1948,22,0.19405,0.19791
1948,23,0.23462,0.20368
1948,24,0.25955,0.19571
1948,25,0.26754,0.17960
1948,26,0.27134,0.17242
1948,27,0.26313,0.16214
1948,28,0.25801,0.15256
1948,29,0.24015,0.13048
1948,30,0.23618,0.12759
1948,31,0.22232,0.10681
1948,32,0.21407,0.10053
1948,33,0.20118,0.08875
1948,34,0.18979,0.08059
1948,35,0.17626,0.06924
1948,36,0.16519,0.05941
1948,37,0.14966,0.05140
1948,38,0.13422,0.04640
1948,39,0.11765,0.03471
1948,40,0.09845,0.02711
1948,41,0.07715,0.01802
1948,42,0.05407,0.01453
1948,43,0.03605,0.00898
1948,44,0.02041,0.00511
1948,45,0.01053,0.00291
1948,46,0.00562,0.00137
1948,47,0.00289,0.00067
1948,48,0.00162,0.00042
1948,49,0.00125,0.00014
1948,50,0.00081,0.00004
1948,51,0.00060,0.00003
1948,52,0.00053,0.00002
1948,53,0.00035,0.00002
1948,54,0.00026,0.00003
1948,55,0.00080,0.00006
1949,12,0.00000,0.00000
1949,13,0.00000,0.00028
1949,14,0.00005,0.00447
1949,15,0.00040,0.01337
1949,16,0.00223,0.03650
1949,17,0.00801,0.07179
1949,18,0.02257,0.11546
1949,19,0.04952,0.15811
1949,20,0.09608,0.18023
1949,21,0.14137,0.19633
1949,22,0.19146,0.20066
1949,23,0.23686,0.20196
1949,24,0.25853,0.19873
1949,25,0.27393,0.18604
1949,26,0.27746,0.17059
1949,27,0.27667,0.16075
1949,28,0.26853,0.15508
1949,29,0.26009,0.13853
1949,30,0.23770,0.12339
1949,31,0.23047,0.10906
1949,32,0.21321,0.09951
1949,33,0.19831,0.08711
1949,34,0.18237,0.07897
1949,35,0.16821,0.06924
1949,36,0.15025,0.05868
1949,37,0.13604,0.04930
1949,38,0.12001,0.04479
1949,39,0.10067,0.03562
1949,40,0.08303,0.02637
1949,41,0.06477,0.01774
1949,42,0.04580,0.01402
1949,43,0.02833,0.00883
1949,44,0.01609,0.00514
1949,45,0.00798,0.00286
1949,46,0.00386,0.00138
1949,47,0.00217,0.00066
1949,48,0.00132,0.00035
1949,49,0.00072,0.00022
1949,50,0.00034,0.00009
1949,51,0.00033,0.00005
1949,52,0.00019,0.00002
1949,53,0.00017,0.00001
1949,54,0.00010,0.00000
1949,55,0.00028,0.00000
1950,12,0.00000,0.00000
1950,13,0.00000,0.00028
1950,14,0.00005,0.00447
1950,15,0.00026,0.01352
1950,16,0.00170,0.03703
1950,17,0.00666,0.07172
1950,18,0.01779,0.11510
1950,19,0.04153,0.15479
1950,20,0.07886,0.18146
1950,21,0.12643,0.19010
1950,22,0.16798,0.20032
1950,23,0.20887,0.20139
1950,24,0.23497,0.19416
1950,25,0.24419,0.19099
1950,26,0.24782,0.17433
1950,27,0.24160,0.15789
1950,28,0.23463,0.15620
1950,29,0.22173,0.14072
1950,30,0.21046,0.12892
1950,31,0.18652,0.10621
1950,32,0.17886,0.10302
1950,33,0.16129,0.08695
1950,34,0.14883,0.07876
1950,35,0.13255,0.06938
1950,36,0.11920,0.05909
1950,37,0.10404,0.04924
1950,38,0.09139,0.04311
1950,39,0.07746,0.03460
1950,40,0.06198,0.02699
1950,41,0.04730,0.01695
1950,42,0.03309,0.01408
1950,43,0.02091,0.00855
1950,44,0.01147,0.00484
1950,45,0.00554,0.00271
1950,46,0.00264,0.00126
1950,47,0.00120,0.00056
1950,48,0.00076,0.00029
1950,49,0.00054,0.00018
1950,50,0.00027,0.00008
1950,51,0.00017,0.00004
1950,52,0.00015,0.00002
1950,53,0.00014,0.00001
1950,54,0.00007,0.00000
1950,55,0.00014,0.00000
1951,12,0.00000,0.00000
1951,13,0.00000,0.00027
1951,14,0.00002,0.00447
1951,15,0.00023,0.01423
1951,16,0.00112,0.03862
1951,17,0.00497,0.07681
1951,18,0.01492,0.12411
1951,19,0.03332,0.16999
1951,20,0.06715,0.19518
1951,21,0.10540,0.21032
1951,22,0.15121,0.21264
1951,23,0.18653,0.21450
1951,24,0.21060,0.20784
1951,25,0.22523,0.20007
1951,26,0.22693,0.18767
1951,27,0.22320,0.16805
1951,28,0.21465,0.16333
1951,29,0.20754,0.14589
1951,30,0.19164,0.13309
1951,31,0.17745,0.11734
1951,32,0.15758,0.10473
1951,33,0.14771,0.09202
1951,34,0.13128,0.08009
1951,35,0.11751,0.07135
1951,36,0.10292,0.06149
1951,37,0.09073,0.05114
1951,38,0.07619,0.04389
1951,39,0.06388,0.03473
1951,40,0.05159,0.02756
1951,41,0.03838,0.01853
1951,42,0.02661,0.01370
1951,43,0.01661,0.00869
1951,44,0.00932,0.00506
1951,45,0.00406,0.00263
1951,46,0.00188,0.00134
1951,47,0.00089,0.00055
1951,48,0.00046,0.00029
1951,49,0.00034,0.00014
1951,50,0.00021,0.00009
1951,51,0.00007,0.00006
1951,52,0.00007,0.00003
1951,53,0.00009,0.00001
1951,54,0.00005,0.00000
1951,55,0.00008,0.00000
1952,12,0.00000,0.00000
1952,13,0.00000,0.00026
1952,14,0.00002,0.00428
1952,15,0.00017,0.01341
1952,16,0.00093,0.03811
1952,17,0.00377,0.07568
1952,18,0.01177,0.12429
1952,19,0.02824,0.17066
1952,20,0.05658,0.20076
1952,21,0.09593,0.21443
1952,22,0.13498,0.22457
1952,23,0.17988,0.21856
1952,24,0.19906,0.21410
1952,25,0.21256,0.20646
1952,26,0.21750,0.19296
1952,27,0.21071,0.17691
1952,28,0.20451,0.17018
1952,29,0.19212,0.15150
1952,30,0.18073,0.13857
1952,31,0.16271,0.12058
1952,32,0.14887,0.11525
1952,33,0.12897,0.09400
1952,34,0.11773,0.08478
1952,35,0.10288,0.07234
1952,36,0.08976,0.06274
1952,37,0.07645,0.05405
1952,38,0.06472,0.04605
1952,39,0.05251,0.03662
1952,40,0.04170,0.02743
1952,41,0.03135,0.01851
1952,42,0.02046,0.01488
1952,43,0.01311,0.00863
1952,44,0.00713,0.00506
1952,45,0.00360,0.00271
1952,46,0.00142,0.00133
1952,47,0.00078,0.00055
1952,48,0.00042,0.00029
1952,49,0.00022,0.00019
1952,50,0.00018,0.00010
1952,51,0.00011,0.00005
1952,52,0.00009,0.00003
1952,53,0.00006,0.00001
1952,54,0.00004,0.00000
1952,55,0.00008,0.00000
1953,12,0.00000,0.00000
1953,13,0.00000,0.00028
1953,14,0.00004,0.00444
1953,15,0.00015,0.01365
1953,16,0.00076,0.03874
1953,17,0.00315,0.07805
1953,18,0.00948,0.12895
1953,19,0.02387,0.17836
1953,20,0.05049,0.20799
1953,21,0.08442,0.22163
1953,22,0.12772,0.22714
1953,23,0.16402,0.23180
1953,24,0.19271,0.21544
1953,25,0.20161,0.21155
1953,26,0.20305,0.19500
1953,27,0.19995,0.17806
1953,28,0.18772,0.17222
1953,29,0.17741,0.15529
1953,30,0.16286,0.13894
1953,31,0.14877,0.11921
1953,32,0.13311,0.11521
1953,33,0.11740,0.09981
1953,34,0.10017,0.08381
1953,35,0.08964,0.07550
1953,36,0.07661,0.06320
1953,37,0.06528,0.05386
1953,38,0.05345,0.04695
1953,39,0.04336,0.03656
1953,40,0.03295,0.02811
1953,41,0.02483,0.01878
1953,42,0.01657,0.01462
1953,43,0.01023,0.00941
1953,44,0.00557,0.00492
1953,45,0.00264,0.00259
1953,46,0.00126,0.00127
1953,47,0.00062,0.00059
1953,48,0.00034,0.00025
1953,49,0.00020,0.00011
1953,50,0.00017,0.00008
1953,51,0.00010,0.00005
1953,52,0.00006,0.00003
1953,53,0.00006,0.00001
1953,54,0.00004,0.00000
1953,55,0.00010,0.00000
1954,12,0.00000,0.00000
1954,13,0.00000,0.00031
1954,14,0.00001,0.00494
1954,15,0.00012,0.01463
1954,16,0.00068,0.04056
1954,17,0.00260,0.07933
1954,18,0.00818,0.13041
1954,19,0.02038,0.18566
1954,20,0.04439,0.21676
1954,21,0.07968,0.23429
1954,22,0.11641,0.24136
1954,23,0.16022,0.23844
1954,24,0.18167,0.23171
1954,25,0.19778,0.21480
1954,26,0.19419,0.19926
1954,27,0.18849,0.18390
1954,28,0.17717,0.17449
1954,29,0.16327,0.16042
1954,30,0.15053,0.14562
1954,31,0.13465,0.12219
1954,32,0.12140,0.11625
1954,33,0.10618,0.10179
1954,34,0.09206,0.09068
1954,35,0.07688,0.07533
1954,36,0.06717,0.06693
1954,37,0.05566,0.05454
1954,38,0.04636,0.04793
1954,39,0.03667,0.03827
1954,40,0.02816,0.02887
1954,41,0.01987,0.01962
1954,42,0.01342,0.01494
1954,43,0.00824,0.00923
1954,44,0.00447,0.00519
1954,45,0.00219,0.00254
1954,46,0.00103,0.00130
1954,47,0.00059,0.00057
1954,48,0.00022,0.00026
1954,49,0.00016,0.00014
1954,50,0.00010,0.00008
1954,51,0.00007,0.00005
1954,52,0.00003,0.00003
1954,53,0.00005,0.00001
1954,54,0.00003,0.00000
1954,55,0.00007,0.00000
1955,12,0.00000,0.00000
1955,13,0.00000,0.00027
1955,14,0.00001,0.00457
1955,15,0.00007,0.01479
1955,16,0.00054,0.04038
1955,17,0.00251,0.08006
1955,18,0.00725,0.12962
1955,19,0.01859,0.18681
1955,20,0.04068,0.22241
1955,21,0.07297,0.24150
1955,22,0.11497,0.24862
1955,23,0.15422,0.24631
1955,24,0.18410,0.23452
1955,25,0.19198,0.22505
1955,26,0.19883,0.19917
1955,27,0.18580,0.18400
1955,28,0.17379,0.17697
1955,29,0.15895,0.15862
1955,30,0.14195,0.14610
1955,31,0.12614,0.12403
1955,32,0.11190,0.11564
1955,33,0.09825,0.10018
1955,34,0.08331,0.08976
1955,35,0.07099,0.07974
1955,36,0.05807,0.06425
1955,37,0.04934,0.05603
1955,38,0.03956,0.04765
1955,39,0.03132,0.03853
1955,40,0.02380,0.02909
1955,41,0.01708,0.01949
1955,42,0.01135,0.01480
1955,43,0.00685,0.00912
1955,44,0.00370,0.00510
1955,45,0.00174,0.00275
1955,46,0.00088,0.00114
1955,47,0.00037,0.00053
1955,48,0.00025,0.00024
1955,49,0.00013,0.00012
1955,50,0.00011,0.00005
1955,51,0.00008,0.00003
1955,52,0.00005,0.00002
1955,53,0.00003,0.00001
1955,54,0.00003,0.00000
1955,55,0.00005,0.00000
1956,12,0.00000,0.00000
1956,13,0.00000,0.00028
1956,14,0.00001,0.00460
1956,15,0.00008,0.01485
1956,16,0.00047,0.04340
1956,17,0.00204,0.08374
1956,18,0.00679,0.13816
1956,19,0.01656,0.19641
1956,20,0.03865,0.23266
1956,21,0.06893,0.25396
1956,22,0.10734,0.26123
1956,23,0.15173,0.25762
1956,24,0.17829,0.24547
1956,25,0.19509,0.23223
1956,26,0.19168,0.21121
1956,27,0.18582,0.18274
1956,28,0.16631,0.18046
1956,29,0.14916,0.16104
1956,30,0.13219,0.14684
1956,31,0.11408,0.12596
1956,32,0.10047,0.11890
1956,33,0.08583,0.10041
1956,34,0.07374,0.08881
1956,35,0.06183,0.07949
1956,36,0.05093,0.06844
1956,37,0.04088,0.05429
1956,38,0.03425,0.05071
1956,39,0.02686,0.03623
1956,40,0.02019,0.02942
1956,41,0.01446,0.01963
1956,42,0.00953,0.01497
1956,43,0.00584,0.00934
1956,44,0.00306,0.00528
1956,45,0.00147,0.00267
1956,46,0.00069,0.00127
1956,47,0.00036,0.00047
1956,48,0.00019,0.00021
1956,49,0.00009,0.00011
1956,50,0.00009,0.00005
1956,51,0.00004,0.00003
1956,52,0.00004,0.00002
1956,53,0.00002,0.00001
1956,54,0.00003,0.00000
1956,55,0.00003,0.00000
1957,12,0.00000,0.00000
1957,13,0.00000,0.00028
1957,14,0.00001,0.00457
1957,15,0.00005,0.01502
1957,16,0.00045,0.04357
1957,17,0.00174,0.08739
1957,18,0.00548,0.14135
1957,19,0.01543,0.20286
1957,20,0.03314,0.23729
1957,21,0.06395,0.25958
1957,22,0.09985,0.26932
1957,23,0.13840,0.26610
1957,24,0.17228,0.25244
1957,25,0.18426,0.23967
1957,26,0.18949,0.21434
1957,27,0.17710,0.19571
1957,28,0.16377,0.17842
1957,29,0.14127,0.16504
1957,30,0.12259,0.14869
1957,31,0.10332,0.12620
1957,32,0.08693,0.12005
1957,33,0.07474,0.10404
1957,34,0.06210,0.08978
1957,35,0.05194,0.07908
1957,36,0.04269,0.06836
1957,37,0.03394,0.05796
1957,38,0.02657,0.04825
1957,39,0.02174,0.03911
1957,40,0.01580,0.02918
1957,41,0.01132,0.01976
1957,42,0.00755,0.01518
1957,43,0.00461,0.00935
1957,44,0.00241,0.00520
1957,45,0.00132,0.00267
1957,46,0.00059,0.00124
1957,47,0.00029,0.00056
1957,48,0.00019,0.00020
1957,49,0.00012,0.00012
1957,50,0.00007,0.00005
1957,51,0.00005,0.00003
1957,52,0.00003,0.00001
1957,53,0.00001,0.00001
1957,54,0.00003,0.00000
1957,55,0.00005,0.00000
1958,12,0.00000,0.00000
1958,13,0.00000,0.00029
1958,14,0.00001,0.00451
1958,15,0.00008,0.01385
1958,16,0.00043,0.04071
1958,17,0.00180,0.08395
1958,18,0.00553,0.13945
1958,19,0.01430,0.20140
1958,20,0.03628,0.23713
1958,21,0.06541,0.25522
1958,22,0.10798,0.26604
1958,23,0.15093,0.26587
1958,24,0.18054,0.25299
1958,25,0.20166,0.23767
1958,26,0.20071,0.21428
1958,27,0.19327,0.19310
1958,28,0.17064,0.18033
1958,29,0.15104,0.15977
1958,30,0.12567,0.14755
1958,31,0.10423,0.12424
1958,32,0.08628,0.11575
1958,33,0.07121,0.10100
1958,34,0.05884,0.08927
1958,35,0.04797,0.07669
1958,36,0.03940,0.06525
1958,37,0.03142,0.05568
1958,38,0.02459,0.05023
1958,39,0.01868,0.03661
1958,40,0.01453,0.02868
1958,41,0.01010,0.01896
1958,42,0.00689,0.01423
1958,43,0.00411,0.00896
1958,44,0.00216,0.00505
1958,45,0.00117,0.00256
1958,46,0.00051,0.00112
1958,47,0.00021,0.00056
1958,48,0.00012,0.00024
1958,49,0.00010,0.00009
1958,50,0.00007,0.00004
1958,51,0.00005,0.00003
1958,52,0.00005,0.00002
1958,53,0.00003,0.00001
1958,54,0.00002,0.00000
1958,55,0.00005,0.00000
1959,12,0.00000,0.00000
1959,13,0.00000,0.00028
1959,14,0.00001,0.00461
1959,15,0.00008,0.01459
1959,16,0.00038,0.03912
1959,17,0.00176,0.07988
1959,18,0.00551,0.13649
1959,19,0.01420,0.20178
1959,20,0.03154,0.24175
1959,21,0.06656,0.25919
1959,22,0.10474,0.26180
1959,23,0.15170,0.26535
1959,24,0.18252,0.25517
1959,25,0.19550,0.23831
1959,26,0.20351,0.21584
1959,27,0.18938,0.19352
1959,28,0.17171,0.17940
1959,29,0.14574,0.16449
1959,30,0.12470,0.14608
1959,31,0.09863,0.12434
1959,32,0.08013,0.11496
1959,33,0.06473,0.09880
1959,34,0.05200,0.08810
1959,35,0.04271,0.07765
1959,36,0.03350,0.06477
1959,37,0.02786,0.05413
1959,38,0.02118,0.04885
1959,39,0.01659,0.03964
1959,40,0.01188,0.02763
1959,41,0.00888,0.01945
1959,42,0.00587,0.01428
1959,43,0.00351,0.00889
1959,44,0.00198,0.00520
1959,45,0.00101,0.00259
1959,46,0.00049,0.00116
1959,47,0.00024,0.00052
1959,48,0.00012,0.00024
1959,49,0.00006,0.00011
1959,50,0.00007,0.00003
1959,51,0.00005,0.00002
1959,52,0.00003,0.00001
1959,53,0.00001,0.00001
1959,54,0.00001,0.00000
1959,55,0.00004,0.00000
1960,12,0.00000,0.00000
1960,13,0.00000,0.00026
1960,14,0.00001,0.00446
1960,15,0.00005,0.01432
1960,16,0.00040,0.03949
1960,17,0.00162,0.07659
1960,18,0.00522,0.13056
1960,19,0.01390,0.19895
1960,20,0.03088,0.23561
1960,21,0.05930,0.25773
1960,22,0.10734,0.26686
1960,23,0.14782,0.26459
1960,24,0.18532,0.25424
1960,25,0.19978,0.24013
1960,26,0.19957,0.21716
1960,27,0.19381,0.19448
1960,28,0.16988,0.17919
1960,29,0.14774,0.16193
1960,30,0.11960,0.14827
1960,31,0.09711,0.12245
1960,32,0.07552,0.11365
1960,33,0.05969,0.09818
1960,34,0.04689,0.08638
1960,35,0.03640,0.07725
1960,36,0.02895,0.06536
1960,37,0.02237,0.05339
1960,38,0.01758,0.04725
1960,39,0.01322,0.03814
1960,40,0.00983,0.02877
1960,41,0.00685,0.01902
1960,42,0.00475,0.01427
1960,43,0.00284,0.00896
1960,44,0.00158,0.00486
1960,45,0.00083,0.00256
1960,46,0.00038,0.00112
1960,47,0.00027,0.00049
1960,48,0.00010,0.00019
1960,49,0.00008,0.00009
1960,50,0.00004,0.00006
1960,51,0.00004,0.00004
1960,52,0.00003,0.00002
1960,53,0.00001,0.00001
1960,54,0.00002,0.00000
1960,55,0.00004,0.00000
1961,12,0.00000,0.00000
1961,13,0.00000,0.00024
1961,14,0.00001,0.00390
1961,15,0.00004,0.01383
1961,16,0.00035,0.03934
1961,17,0.00161,0.07666
1961,18,0.00490,0.12561
1961,19,0.01332,0.19197
1961,20,0.02993,0.23028
1961,21,0.05714,0.25418
1961,22,0.09475,0.26145
1961,23,0.15030,0.26344
1961,24,0.18021,0.24969
1961,25,0.20286,0.23554
1961,26,0.20257,0.21744
1961,27,0.18824,0.19542
1961,28,0.17422,0.17751
1961,29,0.14539,0.16069
1961,30,0.12096,0.14457
1961,31,0.09395,0.12846
1961,32,0.07484,0.11113
1961,33,0.05703,0.09925
1961,34,0.04313,0.08553
1961,35,0.03275,0.07550
1961,36,0.02514,0.06540
1961,37,0.01961,0.05452
1961,38,0.01489,0.04601
1961,39,0.01150,0.03730
1961,40,0.00837,0.02882
1961,41,0.00600,0.02012
1961,42,0.00390,0.01374
1961,43,0.00241,0.00897
1961,44,0.00131,0.00496
1961,45,0.00070,0.00258
1961,46,0.00033,0.00113
1961,47,0.00019,0.00044
1961,48,0.00012,0.00024
1961,49,0.00006,0.00009
1961,50,0.00003,0.00006
1961,51,0.00001,0.00004
1961,52,0.00001,0.00002
1961,53,0.00002,0.00001
1961,54,0.00001,0.00000
1961,55,0.00002,0.00000
1962,12,0.00000,0.00000
1962,13,0.00000,0.00026
1962,14,0.00001,0.00394
1962,15,0.00006,0.01204
1962,16,0.00030,0.03669
1962,17,0.00152,0.07360
1962,18,0.00534,0.12272
1962,19,0.01283,0.18167
1962,20,0.03035,0.21847
1962,21,0.05952,0.24437
1962,22,0.09893,0.25298
1962,23,0.14114,0.25338
1962,24,0.19062,0.24093
1962,25,0.20393,0.22554
1962,26,0.21079,0.20988
1962,27,0.19513,0.19117
1962,28,0.17211,0.17210
1962,29,0.14992,0.15326
1962,30,0.12070,0.13618
1962,31,0.09591,0.12165
1962,32,0.07176,0.11186
1962,33,0.05699,0.09285
1962,34,0.04196,0.08320
1962,35,0.03109,0.07153
1962,36,0.02313,0.06157
1962,37,0.01752,0.05219
1962,38,0.01317,0.04434
1962,39,0.00951,0.03451
1962,40,0.00733,0.02707
1962,41,0.00505,0.01897
1962,42,0.00323,0.01431
1962,43,0.00204,0.00820
1962,44,0.00120,0.00466
1962,45,0.00061,0.00244
1962,46,0.00031,0.00114
1962,47,0.00017,0.00050
1962,48,0.00011,0.00017
1962,49,0.00008,0.00007
1962,50,0.00003,0.00005
1962,51,0.00000,0.00003
1962,52,0.00001,0.00002
1962,53,0.00000,0.00001
1962,54,0.00000,0.00000
1962,55,0.00001,0.00000
1963,12,0.00000,0.00000
1963,13,0.00000,0.00026
1963,14,0.00001,0.00409
1963,15,0.00004,0.01233
1963,16,0.00032,0.03337
1963,17,0.00146,0.07175
1963,18,0.00510,0.11785
1963,19,0.01342,0.17689
1963,20,0.02862,0.20683
1963,21,0.05942,0.23190
1963,22,0.10050,0.24103
1963,23,0.14660,0.24374
1963,24,0.17769,0.22975
1963,25,0.21339,0.21820
1963,26,0.20981,0.20100
1963,27,0.20222,0.18429
1963,28,0.17926,0.16867
1963,29,0.15014,0.14994
1963,30,0.12747,0.13188
1963,31,0.09861,0.11663
1963,32,0.07618,0.10866
1963,33,0.05673,0.09439
1963,34,0.04314,0.07908
1963,35,0.03145,0.07052
1963,36,0.02314,0.05912
1963,37,0.01694,0.04999
1963,38,0.01236,0.04357
1963,39,0.00915,0.03390
1963,40,0.00639,0.02558
1963,41,0.00473,0.01798
1963,42,0.00301,0.01390
1963,43,0.00185,0.00848
1963,44,0.00102,0.00434
1963,45,0.00051,0.00234
1963,46,0.00026,0.00113
1963,47,0.00013,0.00046
1963,48,0.00008,0.00016
1963,49,0.00005,0.00009
1963,50,0.00001,0.00004
1963,51,0.00000,0.00002
1963,52,0.00000,0.00001
1963,53,0.00000,0.00001
1963,54,0.00000,0.00000
1963,55,0.00000,0.00000
1964,12,0.00000,0.00000
1964,13,0.00000,0.00027
1964,14,0.00001,0.00419
1964,15,0.00004,0.01237
1964,16,0.00030,0.03379
1964,17,0.00162,0.06551
1964,18,0.00458,0.11352
1964,19,0.01327,0.16687
1964,20,0.03025,0.19621
1964,21,0.05665,0.21824
1964,22,0.10308,0.22857
1964,23,0.15283,0.23064
1964,24,0.19072,0.21943
1964,25,0.20388,0.20822
1964,26,0.22214,0.19412
1964,27,0.20329,0.17794
1964,28,0.18560,0.16286
1964,29,0.15588,0.14802
1964,30,0.12694,0.12930
1964,31,0.10335,0.11148
1964,32,0.07782,0.10466
1964,33,0.05906,0.09156
1964,34,0.04342,0.08096
1964,35,0.03232,0.06745
1964,36,0.02306,0.05823
1964,37,0.01687,0.04938
1964,38,0.01197,0.04158
1964,39,0.00861,0.03398
1964,40,0.00644,0.02564
1964,41,0.00421,0.01719
1964,42,0.00277,0.01294
1964,43,0.00176,0.00832
1964,44,0.00089,0.00462
1964,45,0.00046,0.00218
1964,46,0.00022,0.00106
1964,47,0.00012,0.00045
1964,48,0.00005,0.00020
1964,49,0.00004,0.00007
1964,50,0.00002,0.00000
1964,51,0.00001,0.00000
1964,52,0.00000,0.00000
1964,53,0.00000,0.00000
1964,54,0.00000,0.00000
1964,55,0.00000,0.00000
1965,12,0.00000,0.00000
1965,13,0.00000,0.00025
1965,14,0.00001,0.00405
1965,15,0.00004,0.01247
1965,16,0.00031,0.03318
1965,17,0.00167,0.06377
1965,18,0.00559,0.10292
1965,19,0.01222,0.15344
1965,20,0.03023,0.17555
1965,21,0.06152,0.19589
1965,22,0.10104,0.20402
1965,23,0.15953,0.20798
1965,24,0.20299,0.19626
1965,25,0.22527,0.18906
1965,26,0.21885,0.17471
1965,27,0.22046,0.16143
1965,28,0.19169,0.14656
1965,29,0.16749,0.13224
1965,30,0.13584,0.11826
1965,31,0.10505,0.10333
1965,32,0.08365,0.09486
1965,33,0.06228,0.08279
1965,34,0.04683,0.07276
1965,35,0.03366,0.06441
1965,36,0.02474,0.05292
1965,37,0.01726,0.04537
1965,38,0.01203,0.03880
1965,39,0.00850,0.03090
1965,40,0.00587,0.02415
1965,41,0.00405,0.01627
1965,42,0.00261,0.01176
1965,43,0.00152,0.00760
1965,44,0.00088,0.00426
1965,45,0.00043,0.00227
1965,46,0.00019,0.00094
1965,47,0.00011,0.00040
1965,48,0.00006,0.00016
1965,49,0.00005,0.00007
1965,50,0.00001,0.00000
1965,51,0.00001,0.00000
1965,52,0.00001,0.00000
1965,53,0.00000,0.00000
1965,54,0.00000,0.00000
1965,55,0.00000,0.00000
1966,12,0.00000,0.00000
1966,13,0.00000,0.00026
1966,14,0.00001,0.00414
1966,15,0.00005,0.01247
1966,16,0.00025,0.03292
1966,17,0.00143,0.06249
1966,18,0.00486,0.10107
1966,19,0.01215,0.14249
1966,20,0.02227,0.16763
1966,21,0.04752,0.18333
1966,22,0.08507,0.19253
1966,23,0.11889,0.19531
1966,24,0.15541,0.18506
1966,25,0.16893,0.17548
1966,26,0.16529,0.16247
1966,27,0.14591,0.14550
1966,28,0.13454,0.13390
1966,29,0.11213,0.11945
1966,30,0.09429,0.10583
1966,31,0.07512,0.09454
1966,32,0.05842,0.08433
1966,33,0.04749,0.07451
1966,34,0.03554,0.06492
1966,35,0.02686,0.05768
1966,36,0.01987,0.04955
1966,37,0.01492,0.04053
1966,38,0.01076,0.03532
1966,39,0.00738,0.02766
1966,40,0.00526,0.02169
1966,41,0.00344,0.01512
1966,42,0.00230,0.01088
1966,43,0.00137,0.00694
1966,44,0.00074,0.00394
1966,45,0.00044,0.00211
1966,46,0.00018,0.00092
1966,47,0.00010,0.00038
1966,48,0.00006,0.00017
1966,49,0.00004,0.00004
1966,50,0.00002,0.00000
1966,51,0.00001,0.00000
1966,52,0.00001,0.00000
1966,53,0.00000,0.00000
1966,54,0.00000,0.00000
1966,55,0.00000,0.00000
1967,12,0.00000,0.00000
1967,13,0.00000,0.00026
1967,14,0.00000,0.00426
1967,15,0.00003,0.01242
1967,16,0.00030,0.03295
1967,17,0.00151,0.06164
1967,18,0.00507,0.09664
1967,19,0.01316,0.13617
1967,20,0.02907,0.15447
1967,21,0.05007,0.17430
1967,22,0.10049,0.18051
1967,23,0.16294,0.18793
1967,24,0.20107,0.17741
1967,25,0.23842,0.16930
1967,26,0.24379,0.15669
1967,27,0.22909,0.13961
1967,28,0.19784,0.12512
1967,29,0.18044,0.11361
1967,30,0.14257,0.09646
1967,31,0.11428,0.08776
1967,32,0.08615,0.07832
1967,33,0.06443,0.06909
1967,34,0.04950,0.05963
1967,35,0.03529,0.05196
1967,36,0.02535,0.04473
1967,37,0.01747,0.03898
1967,38,0.01286,0.03166
1967,39,0.00851,0.02548
1967,40,0.00558,0.01938
1967,41,0.00367,0.01373
1967,42,0.00214,0.01003
1967,43,0.00134,0.00643
1967,44,0.00075,0.00356
1967,45,0.00035,0.00194
1967,46,0.00017,0.00083
1967,47,0.00012,0.00038
1967,48,0.00006,0.00014
1967,49,0.00002,0.00005
1967,50,0.00001,0.00000
1967,51,0.00001,0.00000
1967,52,0.00000,0.00000
1967,53,0.00001,0.00000
1967,54,0.00000,0.00000
1967,55,0.00000,0.00000
1968,12,0.00000,0.00014
1968,13,0.00000,0.00088
1968,14,0.00002,0.00386
1968,15,0.00004,0.01307
1968,16,0.00024,0.03278
1968,17,0.00140,0.06076
1968,18,0.00493,0.09511
1968,19,0.01248,0.13122
1968,20,0.02805,0.14887
1968,21,0.05679,0.16502
1968,22,0.08776,0.17456
1968,23,0.14761,0.17677
1968,24,0.20541,0.17278
1968,25,0.21936,0.16758
1968,26,0.23251,0.15511
1968,27,0.22158,0.13893
1968,28,0.19603,0.12398
1968,29,0.15990,0.10847
1968,30,0.13723,0.09265
1968,31,0.10526,0.08219
1968,32,0.08475,0.07396
1968,33,0.06422,0.06344
1968,34,0.04654,0.05632
1968,35,0.03548,0.04835
1968,36,0.02540,0.04116
1968,37,0.01786,0.03513
1968,38,0.01259,0.03021
1968,39,0.00866,0.02280
1968,40,0.00562,0.01785
1968,41,0.00337,0.01246
1968,42,0.00233,0.00897
1968,43,0.00149,0.00591
1968,44,0.00079,0.00317
1968,45,0.00040,0.00167
1968,46,0.00022,0.00077
1968,47,0.00010,0.00034
1968,48,0.00006,0.00017
1968,49,0.00003,0.00006
1968,50,0.00000,0.00000
1968,51,0.00001,0.00000
1968,52,0.00000,0.00000
1968,53,0.00001,0.00000
1968,54,0.00000,0.00000
1968,55,0.00000,0.00000
1969,12,0.00000,0.00017
1969,13,0.00000,0.00081
1969,14,0.00002,0.00429
1969,15,0.00006,0.01373
1969,16,0.00025,0.03368
1969,17,0.00141,0.06114
1969,18,0.00488,0.09528
1969,19,0.01275,0.12915
1969,20,0.02761,0.14609
1969,21,0.05436,0.16409
1969,22,0.09934,0.17257
1969,23,0.13540,0.17858
1969,24,0.19385,0.17040
1969,25,0.23236,0.16823
1969,26,0.22605,0.15996
1969,27,0.22129,0.14228
1969,28,0.19645,0.12741
1969,29,0.16685,0.11115
1969,30,0.13011,0.09313
1969,31,0.10577,0.08293
1969,32,0.08241,0.07260
1969,33,0.06560,0.06218
1969,34,0.04782,0.05400
1969,35,0.03463,0.04691
1969,36,0.02595,0.03828
1969,37,0.01787,0.03198
1969,38,0.01292,0.02722
1969,39,0.00874,0.02212
1969,40,0.00553,0.01613
1969,41,0.00358,0.01141
1969,42,0.00213,0.00816
1969,43,0.00138,0.00529
1969,44,0.00079,0.00308
1969,45,0.00040,0.00150
1969,46,0.00020,0.00065
1969,47,0.00010,0.00031
1969,48,0.00005,0.00017
1969,49,0.00003,0.00006
1969,50,0.00001,0.00000
1969,51,0.00001,0.00000
1969,52,0.00000,0.00000
1969,53,0.00000,0.00000
1969,54,0.00000,0.00000
1969,55,0.00000,0.00000
1970,12,0.00000,0.00032
1970,13,0.00000,0.00091
1970,14,0.00001,0.00457
1970,15,0.00010,0.01504
1970,16,0.00031,0.03707
1970,17,0.00150,0.06482
1970,18,0.00524,0.09817
1970,19,0.01312,0.12935
1970,20,0.02903,0.14600
1970,21,0.05553,0.16247
1970,22,0.09862,0.17227
1970,23,0.15626,0.17726
1970,24,0.17916,0.17246
1970,25,0.22169,0.16796
1970,26,0.24014,0.16022
1970,27,0.21633,0.14483
1970,28,0.19910,0.13037
1970,29,0.16824,0.11352
1970,30,0.13652,0.09430
1970,31,0.10026,0.08300
1970,32,0.08311,0.07210
1970,33,0.06337,0.06040
1970,34,0.04846,0.05126
1970,35,0.03464,0.04489
1970,36,0.02479,0.03708
1970,37,0.01824,0.03061
1970,38,0.01254,0.02581
1970,39,0.00851,0.02044
1970,40,0.00555,0.01551
1970,41,0.00358,0.01043
1970,42,0.00225,0.00758
1970,43,0.00121,0.00480
1970,44,0.00072,0.00251
1970,45,0.00044,0.00144
1970,46,0.00018,0.00060
1970,47,0.00009,0.00028
1970,48,0.00005,0.00010
1970,49,0.00003,0.00008
1970,50,0.00001,0.00000
1970,51,0.00003,0.00000
1970,52,0.00001,0.00000
1970,53,0.00000,0.00000
1970,54,0.00000,0.00000
1970,55,0.00000,0.00000
1971,12,0.00000,0.00015
1971,13,0.00000,0.00087
1971,14,0.00001,0.00456
1971,15,0.00003,0.01542
1971,16,0.00031,0.03670
1971,17,0.00171,0.06334
1971,18,0.00545,0.09219
1971,19,0.01390,0.11896
1971,20,0.02926,0.13181
1971,21,0.05650,0.14734
1971,22,0.09859,0.15597
1971,23,0.15419,0.16381
1971,24,0.20625,0.15689
1971,25,0.20513,0.15666
1971,26,0.22904,0.14723
1971,27,0.23286,0.13483
1971,28,0.19842,0.12131
1971,29,0.17319,0.10625
1971,30,0.13939,0.08751
1971,31,0.10614,0.07759
1971,32,0.07960,0.06542
1971,33,0.06435,0.05608
1971,34,0.04628,0.04633
1971,35,0.03466,0.04045
1971,36,0.02485,0.03415
1971,37,0.01720,0.02759
1971,38,0.01282,0.02309
1971,39,0.00858,0.01781
1971,40,0.00568,0.01342
1971,41,0.00349,0.00943
1971,42,0.00226,0.00655
1971,43,0.00122,0.00408
1971,44,0.00061,0.00222
1971,45,0.00036,0.00118
1971,46,0.00019,0.00057
1971,47,0.00009,0.00025
1971,48,0.00005,0.00009
1971,49,0.00003,0.00003
1971,50,0.00001,0.00000
1971,51,0.00001,0.00000
1971,52,0.00000,0.00000
1971,53,0.00000,0.00000
1971,54,0.00000,0.00000
1971,55,0.00001,0.00000
1972,12,0.00000,0.00014
1972,13,0.00000,0.00093
1972,14,0.00001,0.00473
1972,15,0.00003,0.01627
1972,16,0.00034,0.03815
1972,17,0.00182,0.06370
1972,18,0.00604,0.08811
1972,19,0.01479,0.10604
1972,20,0.03164,0.11567
1972,21,0.05832,0.12561
1972,22,0.10010,0.13304
1972,23,0.15564,0.13953
1972,24,0.20382,0.13740
1972,25,0.23379,0.13634
1972,26,0.20972,0.13196
1972,27,0.21503,0.11817
1972,28,0.20422,0.10750
1972,29,0.16622,0.09352
1972,30,0.13797,0.07835
1972,31,0.10522,0.06805
1972,32,0.08055,0.05835
1972,33,0.05924,0.04899
1972,34,0.04578,0.04081
1972,35,0.03240,0.03410
1972,36,0.02471,0.02970
1972,37,0.01667,0.02456
1972,38,0.01202,0.01995
1972,39,0.00852,0.01548
1972,40,0.00548,0.01158
1972,41,0.00346,0.00813
1972,42,0.00214,0.00592
1972,43,0.00126,0.00353
1972,44,0.00066,0.00203
1972,45,0.00029,0.00102
1972,46,0.00015,0.00050
1972,47,0.00011,0.00021
1972,48,0.00003,0.00009
1972,49,0.00002,0.00004
1972,50,0.00000,0.00000
1972,51,0.00000,0.00000
1972,52,0.00000,0.00000
1972,53,0.00000,0.00000
1972,54,0.00000,0.00000
1972,55,0.00000,0.00000
1973,12,0.00000,0.00017
1973,13,0.00000,0.00100
1973,14,0.00001,0.00498
1973,15,0.00004,0.01661
1973,16,0.00036,0.03767
1973,17,0.00201,0.06223
1973,18,0.00590,0.08386
1973,19,0.01539,0.09888
1973,20,0.03221,0.10662
1973,21,0.06039,0.11613
1973,22,0.10059,0.12227
1973,23,0.15342,0.12818
1973,24,0.20442,0.12688
1973,25,0.22853,0.12758
1973,26,0.23831,0.12370
1973,27,0.19744,0.11368
1973,28,0.18983,0.10182
1973,29,0.17394,0.08727
1973,30,0.13321,0.07337
1973,31,0.10553,0.06373
1973,32,0.08053,0.05384
1973,33,0.06241,0.04524
1973,34,0.04340,0.03674
1973,35,0.03295,0.03090
1973,36,0.02359,0.02579
1973,37,0.01693,0.02171
1973,38,0.01197,0.01766
1973,39,0.00811,0.01360
1973,40,0.00543,0.01007
1973,41,0.00339,0.00726
1973,42,0.00212,0.00514
1973,43,0.00115,0.00322
1973,44,0.00067,0.00167
1973,45,0.00033,0.00091
1973,46,0.00013,0.00042
1973,47,0.00008,0.00017
1973,48,0.00006,0.00007
1973,49,0.00003,0.00002
1973,50,0.00000,0.00000
1973,51,0.00000,0.00000
1973,52,0.00000,0.00000
1973,53,0.00000,0.00000
1973,54,0.00000,0.00000
1973,55,0.00000,0.00000
1974,12,0.00000,0.00018
1974,13,0.00000,0.00096
1974,14,0.00001,0.00486
1974,15,0.00005,0.01607
1974,16,0.00041,0.03634
1974,17,0.00191,0.05994
1974,18,0.00597,0.08098
1974,19,0.01452,0.09604
1974,20,0.03147,0.10492
1974,21,0.06008,0.11417
1974,22,0.10063,0.12075
1974,23,0.14747,0.12583
1974,24,0.19820,0.12428
1974,25,0.22381,0.12579
1974,26,0.22562,0.12319
1974,27,0.21666,0.11251
1974,28,0.16638,0.10381
1974,29,0.15147,0.08569
1974,30,0.13108,0.07216
1974,31,0.09507,0.06174
1974,32,0.07441,0.05236
1974,33,0.05653,0.04328
1974,34,0.04167,0.03516
1974,35,0.02917,0.02861
1974,36,0.02191,0.02391
1974,37,0.01502,0.01973
1974,38,0.01111,0.01594
1974,39,0.00740,0.01229
1974,40,0.00482,0.00918
1974,41,0.00319,0.00638
1974,42,0.00201,0.00448
1974,43,0.00112,0.00281
1974,44,0.00065,0.00150
1974,45,0.00029,0.00074
1974,46,0.00013,0.00041
1974,47,0.00006,0.00017
1974,48,0.00004,0.00007
1974,49,0.00001,0.00003
1974,50,0.00000,0.00000
1974,51,0.00000,0.00000
1974,52,0.00000,0.00000
1974,53,0.00000,0.00000
1974,54,0.00000,0.00000
1974,55,0.00000,0.00000
1975,12,0.00000,0.00015
1975,13,0.00000,0.00101
1975,14,0.00001,0.00486
1975,15,0.00004,0.01598
1975,16,0.00039,0.03535
1975,17,0.00184,0.05705
1975,18,0.00527,0.07785
1975,19,0.01280,0.09217
1975,20,0.02811,0.10109
1975,21,0.05503,0.10998
1975,22,0.09408,0.11572
1975,23,0.14117,0.12097
1975,24,0.18392,0.11951
1975,25,0.21204,0.12103
1975,26,0.21654,0.11780
1975,27,0.20009,0.11006
1975,28,0.18018,0.10126
1975,29,0.13036,0.08650
1975,30,0.11090,0.07114
1975,31,0.08940,0.06092
1975,32,0.06523,0.05105
1975,33,0.05006,0.04206
1975,34,0.03659,0.03445
1975,35,0.02649,0.02885
1975,36,0.01845,0.02241
1975,37,0.01372,0.01848
1975,38,0.00974,0.01527
1975,39,0.00675,0.01143
1975,40,0.00449,0.00873
1975,41,0.00274,0.00593
1975,42,0.00188,0.00409
1975,43,0.00101,0.00268
1975,44,0.00049,0.00158
1975,45,0.00024,0.00077
1975,46,0.00010,0.00034
1975,47,0.00005,0.00016
1975,48,0.00002,0.00006
1975,49,0.00001,0.00002
1975,50,0.00000,0.00000
1975,51,0.00000,0.00000
1975,52,0.00000,0.00000
1975,53,0.00000,0.00000
1975,54,0.00000,0.00000
1975,55,0.00000,0.00000
1976,12,0.00000,0.00018
1976,13,0.00000,0.00095
1976,14,0.00001,0.00464
1976,15,0.00004,0.01504
1976,16,0.00042,0.03402
1976,17,0.00184,0.05343
1976,18,0.00477,0.07327
1976,19,0.01134,0.08811
1976,20,0.02514,0.09775
1976,21,0.04983,0.10672
1976,22,0.08758,0.11294
1976,23,0.13591,0.11764
1976,24,0.17778,0.11773
1976,25,0.20194,0.11856
1976,26,0.21173,0.11679
1976,27,0.19961,0.10911
1976,28,0.17463,0.10282
1976,29,0.14768,0.08723
1976,30,0.10115,0.07506
1976,31,0.08117,0.06207
1976,32,0.06543,0.05162
1976,33,0.04675,0.04246
1976,34,0.03486,0.03418
1976,35,0.02477,0.02782
1976,36,0.01808,0.02290
1976,37,0.01219,0.01790
1976,38,0.00898,0.01476
1976,39,0.00611,0.01063
1976,40,0.00409,0.00788
1976,41,0.00265,0.00561
1976,42,0.00165,0.00395
1976,43,0.00091,0.00246
1976,44,0.00047,0.00136
1976,45,0.00026,0.00067
1976,46,0.00010,0.00035
1976,47,0.00004,0.00013
1976,48,0.00003,0.00005
1976,49,0.00001,0.00002
1976,50,0.00000,0.00000
1976,51,0.00000,0.00000
1976,52,0.00000,0.00000
1976,53,0.00000,0.00000
1976,54,0.00000,0.00000
1976,55,0.00000,0.00000
1977,12,0.00000,0.00015
1977,13,0.00000,0.00094
1977,14,0.00002,0.00454
1977,15,0.00005,0.01483
1977,16,0.00044,0.03303
1977,17,0.00165,0.05373
1977,18,0.00452,0.07310
1977,19,0.01043,0.08832
1977,20,0.02186,0.09940
1977,21,0.04429,0.10972
1977,22,0.07847,0.11557
1977,23,0.12564,0.12089
1977,24,0.17186,0.12082
1977,25,0.19569,0.12237
1977,26,0.20279,0.12076
1977,27,0.19649,0.11210
1977,28,0.17433,0.10689
1977,29,0.14430,0.09140
1977,30,0.11648,0.07768
1977,31,0.07592,0.06703
1977,32,0.06050,0.05396
1977,33,0.04863,0.04454
1977,34,0.03329,0.03459
1977,35,0.02447,0.02857
1977,36,0.01768,0.02281
1977,37,0.01187,0.01802
1977,38,0.00830,0.01448
1977,39,0.00585,0.01046
1977,40,0.00380,0.00778
1977,41,0.00258,0.00555
1977,42,0.00158,0.00386
1977,43,0.00091,0.00240
1977,44,0.00047,0.00126
1977,45,0.00023,0.00066
1977,46,0.00012,0.00031
1977,47,0.00004,0.00012
1977,48,0.00002,0.00005
1977,49,0.00001,0.00002
1977,50,0.00000,0.00000
1977,51,0.00000,0.00000
1977,52,0.00000,0.00000
1977,53,0.00000,0.00000
1977,54,0.00000,0.00000
1977,55,0.00000,0.00000
1978,12,0.00000,0.00015
1978,13,0.00000,0.00089
1978,14,0.00002,0.00438
1978,15,0.00007,0.01400
1978,16,0.00044,0.03101
1978,17,0.00178,0.05119
1978,18,0.00445,0.07251
1978,19,0.01064,0.08672
1978,20,0.02099,0.09675
1978,21,0.04052,0.10711
1978,22,0.07316,0.11283
1978,23,0.11835,0.11694
1978,24,0.16600,0.11731
1978,25,0.19514,0.11818
1978,26,0.20487,0.11758
1978,27,0.19414,0.11037
1978,28,0.17652,0.10570
1978,29,0.14855,0.08983
1978,30,0.11561,0.07830
1978,31,0.08938,0.06724
1978,32,0.05781,0.05597
1978,33,0.04499,0.04461
1978,34,0.03486,0.03503
1978,35,0.02374,0.02814
1978,36,0.01722,0.02276
1978,37,0.01177,0.01736
1978,38,0.00836,0.01423
1978,39,0.00549,0.00993
1978,40,0.00378,0.00722
1978,41,0.00231,0.00509
1978,42,0.00148,0.00362
1978,43,0.00087,0.00216
1978,44,0.00041,0.00112
1978,45,0.00019,0.00062
1978,46,0.00009,0.00030
1978,47,0.00004,0.00012
1978,48,0.00003,0.00004
1978,49,0.00001,0.00002
1978,50,0.00000,0.00000
1978,51,0.00000,0.00000
1978,52,0.00000,0.00000
1978,53,0.00000,0.00000
1978,54,0.00000,0.00000
1978,55,0.00000,0.00000
1979,12,0.00000,0.00015
1979,13,0.00000,0.00098
1979,14,0.00001,0.00446
1979,15,0.00005,0.01403
1979,16,0.00047,0.03091
1979,17,0.00183,0.05143
1979,18,0.00472,0.07248
1979,19,0.01066,0.08982
1979,20,0.02124,0.09927
1979,21,0.03909,0.10898
1979,22,0.06769,0.11543
1979,23,0.11199,0.12039
1979,24,0.15873,0.12060
1979,25,0.19082,0.12059
1979,26,0.20248,0.11964
1979,27,0.19583,0.11344
1979,28,0.17267,0.10931
1979,29,0.14859,0.09284
1979,30,0.11802,0.08154
1979,31,0.08821,0.06988
1979,32,0.06710,0.05789
1979,33,0.04356,0.04784
1979,34,0.03216,0.03708
1979,35,0.02454,0.02964
1979,36,0.01654,0.02309
1979,37,0.01160,0.01804
1979,38,0.00804,0.01424
1979,39,0.00555,0.01047
1979,40,0.00349,0.00723
1979,41,0.00223,0.00509
1979,42,0.00133,0.00346
1979,43,0.00083,0.00217
1979,44,0.00040,0.00124
1979,45,0.00019,0.00060
1979,46,0.00007,0.00026
1979,47,0.00004,0.00013
1979,48,0.00002,0.00006
1979,49,0.00000,0.00002
1979,50,0.00000,0.00000
1979,51,0.00000,0.00000
1979,52,0.00000,0.00000
1979,53,0.00000,0.00000
1979,54,0.00000,0.00000
1979,55,0.00000,0.00000
1980,12,0.00000,0.00016
1980,13,0.00000,0.00091
1980,14,0.00002,0.00449
1980,15,0.00005,0.01447
1980,16,0.00052,0.03099
1980,17,0.00205,0.05178
1980,18,0.00503,0.07357
1980,19,0.01125,0.09027
1980,20,0.02174,0.10314
1980,21,0.03885,0.11155
1980,22,0.06480,0.11740
1980,23,0.10447,0.12121
1980,24,0.15288,0.12121
1980,25,0.18595,0.12195
1980,26,0.20136,0.11954
1980,27,0.19443,0.11358
1980,28,0.17410,0.11068
1980,29,0.14477,0.09397
1980,30,0.11804,0.08397
1980,31,0.08924,0.07157
1980,32,0.06624,0.05974
1980,33,0.04999,0.04832
1980,34,0.03081,0.03912
1980,35,0.02279,0.03086
1980,36,0.01753,0.02418
1980,37,0.01143,0.01779
1980,38,0.00808,0.01419
1980,39,0.00564,0.01019
1980,40,0.00359,0.00729
1980,41,0.00216,0.00499
1980,42,0.00145,0.00345
1980,43,0.00076,0.00203
1980,44,0.00039,0.00117
1980,45,0.00020,0.00059
1980,46,0.00007,0.00027
1980,47,0.00004,0.00012
1980,48,0.00001,0.00006
1980,49,0.00001,0.00002
1980,50,0.00000,0.00000
1980,51,0.00000,0.00000
1980,52,0.00000,0.00000
1980,53,0.00000,0.00000
1980,54,0.00000,0.00000
1980,55,0.00000,0.00000
1981,12,0.00000,0.00014
1981,13,0.00000,0.00089
1981,14,0.00002,0.00439
1981,15,0.00007,0.01403
1981,16,0.00058,0.03041
1981,17,0.00215,0.05011
1981,18,0.00531,0.07156
1981,19,0.01160,0.08800
1981,20,0.02212,0.09963
1981,21,0.03863,0.11016
1981,22,0.06379,0.11448
1981,23,0.09969,0.11829
1981,24,0.14307,0.11911
1981,25,0.18157,0.11980
1981,26,0.19888,0.11851
1981,27,0.19345,0.11252
1981,28,0.17595,0.11053
1981,29,0.14858,0.09448
1981,30,0.11855,0.08483
1981,31,0.09134,0.07390
1981,32,0.06896,0.06087
1981,33,0.05052,0.04999
1981,34,0.03694,0.03936
1981,35,0.02295,0.03237
1981,36,0.01695,0.02464
1981,37,0.01217,0.01814
1981,38,0.00815,0.01387
1981,39,0.00568,0.00990
1981,40,0.00354,0.00717
1981,41,0.00228,0.00512
1981,42,0.00135,0.00323
1981,43,0.00077,0.00199
1981,44,0.00037,0.00106
1981,45,0.00016,0.00058
1981,46,0.00007,0.00024
1981,47,0.00002,0.00013
1981,48,0.00002,0.00006
1981,49,0.00001,0.00004
1981,50,0.00000,0.00000
1981,51,0.00000,0.00000
1981,52,0.00000,0.00000
1981,53,0.00000,0.00000
1981,54,0.00000,0.00000
1981,55,0.00000,0.00000
1982,12,0.00000,0.00015
1982,13,0.00000,0.00089
1982,14,0.00002,0.00453
1982,15,0.00006,0.01392
1982,16,0.00068,0.03097
1982,17,0.00235,0.05037
1982,18,0.00555,0.07155
1982,19,0.01228,0.08690
1982,20,0.02174,0.09877
1982,21,0.03832,0.10859
1982,22,0.06221,0.11514
1982,23,0.09837,0.11769
1982,24,0.13961,0.11820
1982,25,0.17565,0.11846
1982,26,0.20060,0.11799
1982,27,0.19835,0.11244
1982,28,0.18137,0.11067
1982,29,0.15501,0.09512
1982,30,0.12455,0.08514
1982,31,0.09391,0.07542
1982,32,0.07239,0.06392
1982,33,0.05360,0.05200
1982,34,0.03835,0.04154
1982,35,0.02764,0.03306
1982,36,0.01731,0.02639
1982,37,0.01197,0.01921
1982,38,0.00885,0.01478
1982,39,0.00566,0.00990
1982,40,0.00378,0.00727
1982,41,0.00230,0.00506
1982,42,0.00143,0.00350
1982,43,0.00074,0.00191
1982,44,0.00036,0.00105
1982,45,0.00018,0.00060
1982,46,0.00009,0.00027
1982,47,0.00004,0.00013
1982,48,0.00001,0.00006
1982,49,0.00000,0.00002
1982,50,0.00000,0.00000
1982,51,0.00000,0.00000
1982,52,0.00000,0.00000
1982,53,0.00000,0.00000
1982,54,0.00000,0.00000
1982,55,0.00000,0.00000
1983,12,0.00000,0.00014
1983,13,0.00000,0.00092
1983,14,0.00002,0.00438
1983,15,0.00010,0.01399
1983,16,0.00069,0.03051
1983,17,0.00264,0.05012
1983,18,0.00624,0.07008
1983,19,0.01284,0.08426
1983,20,0.02328,0.09527
1983,21,0.03837,0.10456
1983,22,0.06113,0.11019
1983,23,0.09433,0.11491
1983,24,0.13831,0.11414
1983,25,0.17380,0.11523
1983,26,0.19538,0.11458
1983,27,0.20081,0.11044
1983,28,0.18615,0.10876
1983,29,0.16228,0.09354
1983,30,0.13135,0.08616
1983,31,0.10065,0.07533
1983,32,0.07533,0.06444
1983,33,0.05699,0.05370
1983,34,0.04124,0.04236
1983,35,0.02866,0.03395
1983,36,0.02070,0.02625
1983,37,0.01213,0.02011
1983,38,0.00891,0.01517
1983,39,0.00625,0.01014
1983,40,0.00379,0.00710
1983,41,0.00239,0.00494
1983,42,0.00142,0.00337
1983,43,0.00078,0.00195
1983,44,0.00038,0.00101
1983,45,0.00018,0.00051
1983,46,0.00007,0.00030
1983,47,0.00002,0.00009
1983,48,0.00001,0.00006
1983,49,0.00001,0.00002
1983,50,0.00000,0.00000
1983,51,0.00000,0.00000
1983,52,0.00000,0.00000
1983,53,0.00000,0.00000
1983,54,0.00000,0.00000
1983,55,0.00000,0.00000
1984,12,0.00000,0.00019
1984,13,0.00000,0.00095
1984,14,0.00002,0.00433
1984,15,0.00010,0.01343
1984,16,0.00084,0.03011
1984,17,0.00261,0.04937
1984,18,0.00616,0.07035
1984,19,0.01365,0.08387
1984,20,0.02328,0.09429
1984,21,0.03807,0.10314
1984,22,0.05896,0.10934
1984,23,0.09110,0.11292
1984,24,0.13181,0.11440
1984,25,0.16959,0.11448
1984,26,0.19438,0.11423
1984,27,0.19798,0.10989
1984,28,0.18910,0.10988
1984,29,0.16666,0.09523
1984,30,0.13581,0.08749
1984,31,0.10511,0.07761
1984,32,0.08046,0.06611
1984,33,0.05898,0.05604
1984,34,0.04345,0.04484
1984,35,0.03089,0.03531
1984,36,0.02141,0.02791
1984,37,0.01479,0.02027
1984,38,0.00873,0.01626
1984,39,0.00615,0.01074
1984,40,0.00413,0.00733
1984,41,0.00240,0.00477
1984,42,0.00147,0.00328
1984,43,0.00085,0.00202
1984,44,0.00042,0.00112
1984,45,0.00017,0.00049
1984,46,0.00008,0.00025
1984,47,0.00003,0.00011
1984,48,0.00002,0.00006
1984,49,0.00000,0.00002
1984,50,0.00000,0.00000
1984,51,0.00000,0.00000
1984,52,0.00000,0.00000
1984,53,0.00000,0.00000
1984,54,0.00000,0.00000
1984,55,0.00000,0.00000
1985,12,0.00000,0.00016
1985,13,0.00000,0.00100
1985,14,0.00002,0.00449
1985,15,0.00011,0.01360
1985,16,0.00075,0.02971
1985,17,0.00253,0.05021
1985,18,0.00567,0.07170
1985,19,0.01278,0.08708
1985,20,0.02273,0.09644
1985,21,0.03582,0.10482
1985,22,0.05552,0.11071
1985,23,0.08427,0.11462
1985,24,0.12066,0.11461
1985,25,0.15829,0.11748
1985,26,0.18522,0.11572
1985,27,0.19452,0.11260
1985,28,0.18306,0.11198
1985,29,0.16577,0.09746
1985,30,0.13861,0.08966
1985,31,0.10764,0.07935
1985,32,0.08244,0.06895
1985,33,0.06166,0.05785
1985,34,0.04430,0.04698
1985,35,0.03134,0.03829
1985,36,0.02220,0.02946
1985,37,0.01495,0.02167
1985,38,0.01029,0.01673
1985,39,0.00608,0.01142
1985,40,0.00395,0.00779
1985,41,0.00255,0.00507
1985,42,0.00155,0.00334
1985,43,0.00077,0.00198
1985,44,0.00041,0.00110
1985,45,0.00017,0.00054
1985,46,0.00007,0.00024
1985,47,0.00004,0.00010
1985,48,0.00001,0.00005
1985,49,0.00000,0.00002
1985,50,0.00000,0.00000
1985,51,0.00000,0.00000
1985,52,0.00000,0.00000
1985,53,0.00000,0.00000
1985,54,0.00000,0.00000
1985,55,0.00000,0.00000
1986,12,0.00000,0.00018
1986,13,0.00000,0.00107
1986,14,0.00002,0.00480
1986,15,0.00009,0.01397
1986,16,0.00070,0.02946
1986,17,0.00234,0.04864
1986,18,0.00564,0.07202
1986,19,0.01156,0.08666
1986,20,0.02130,0.09703
1986,21,0.03496,0.10376
1986,22,0.05153,0.10932
1986,23,0.07951,0.11324
1986,24,0.11505,0.11311
1986,25,0.14818,0.11500
1986,26,0.17497,0.11533
1986,27,0.18610,0.11137
1986,28,0.18177,0.11180
1986,29,0.16326,0.09684
1986,30,0.14001,0.09004
1986,31,0.11008,0.08065
1986,32,0.08490,0.06992
1986,33,0.06304,0.05915
1986,34,0.04575,0.04779
1986,35,0.03241,0.03970
1986,36,0.02315,0.03112
1986,37,0.01552,0.02286
1986,38,0.01049,0.01769
1986,39,0.00704,0.01151
1986,40,0.00372,0.00842
1986,41,0.00248,0.00528
1986,42,0.00148,0.00339
1986,43,0.00081,0.00191
1986,44,0.00041,0.00105
1986,45,0.00019,0.00057
1986,46,0.00007,0.00024
1986,47,0.00003,0.00011
1986,48,0.00001,0.00004
1986,49,0.00000,0.00002
1986,50,0.00000,0.00000
1986,51,0.00000,0.00000
1986,52,0.00000,0.00000
1986,53,0.00000,0.00000
1986,54,0.00000,0.00000
1986,55,0.00000,0.00000
1987,12,0.00000,0.00017
1987,13,0.00000,0.00116
1987,14,0.00002,0.00509
1987,15,0.00008,0.01478
1987,16,0.00064,0.03030
1987,17,0.00214,0.04878
1987,18,0.00515,0.07023
1987,19,0.01157,0.08644
1987,20,0.01907,0.09637
1987,21,0.03183,0.10513
1987,22,0.04972,0.11009
1987,23,0.07368,0.11374
1987,24,0.10808,0.11330
1987,25,0.14018,0.11562
1987,26,0.16803,0.11617
1987,27,0.17966,0.11390
1987,28,0.17983,0.11418
1987,29,0.16411,0.09896
1987,30,0.13917,0.09175
1987,31,0.11345,0.08289
1987,32,0.08756,0.07226
1987,33,0.06588,0.06149
1987,34,0.04776,0.05011
1987,35,0.03389,0.04124
1987,36,0.02382,0.03322
1987,37,0.01608,0.02476
1987,38,0.01095,0.01887
1987,39,0.00716,0.01221
1987,40,0.00446,0.00843
1987,41,0.00238,0.00581
1987,42,0.00140,0.00344
1987,43,0.00084,0.00202
1987,44,0.00041,0.00108
1987,45,0.00015,0.00057
1987,46,0.00007,0.00027
1987,47,0.00003,0.00013
1987,48,0.00001,0.00005
1987,49,0.00000,0.00003
1987,50,0.00000,0.00000
1987,51,0.00000,0.00000
1987,52,0.00000,0.00000
1987,53,0.00000,0.00000
1987,54,0.00000,0.00000
1987,55,0.00000,0.00000
1988,12,0.00000,0.00017
1988,13,0.00000,0.00113
1988,14,0.00002,0.00538
1988,15,0.00010,0.01570
1988,16,0.00063,0.03205
1988,17,0.00218,0.05078
1988,18,0.00503,0.07176
1988,19,0.01086,0.08753
1988,20,0.01966,0.09895
1988,21,0.02942,0.10642
1988,22,0.04544,0.11336
1988,23,0.07073,0.11577
1988,24,0.09965,0.11559
1988,25,0.13172,0.11871
1988,26,0.15807,0.11857
1988,27,0.17260,0.11618
1988,28,0.17321,0.11768
1988,29,0.16318,0.10175
1988,30,0.14149,0.09488
1988,31,0.11393,0.08513
1988,32,0.09125,0.07531
1988,33,0.06918,0.06425
1988,34,0.05099,0.05273
1988,35,0.03595,0.04339
1988,36,0.02539,0.03472
1988,37,0.01670,0.02659
1988,38,0.01148,0.02068
1988,39,0.00764,0.01329
1988,40,0.00477,0.00923
1988,41,0.00293,0.00591
1988,42,0.00146,0.00393
1988,43,0.00085,0.00215
1988,44,0.00042,0.00109
1988,45,0.00021,0.00050
1988,46,0.00006,0.00029
1988,47,0.00002,0.00011
1988,48,0.00001,0.00008
1988,49,0.00001,0.00003
1988,50,0.00000,0.00000
1988,51,0.00000,0.00000
1988,52,0.00000,0.00000
1988,53,0.00000,0.00000
1988,54,0.00000,0.00000
1988,55,0.00000,0.00000
1989,12,0.00000,0.00029
1989,13,0.00000,0.00125
1989,14,0.00003,0.00565
1989,15,0.00010,0.01676
1989,16,0.00057,0.03504
1989,17,0.00209,0.05538
1989,18,0.00480,0.07660
1989,19,0.01081,0.09171
1989,20,0.01851,0.10198
1989,21,0.02987,0.11091
1989,22,0.04129,0.11694
1989,23,0.06257,0.11960
1989,24,0.09399,0.11893
1989,25,0.11871,0.12191
1989,26,0.14401,0.12256
1989,27,0.15970,0.11926
1989,28,0.16238,0.12022
1989,29,0.15305,0.10539
1989,30,0.13669,0.09755
1989,31,0.11335,0.08911
1989,32,0.08945,0.07731
1989,33,0.07002,0.06656
1989,34,0.05176,0.05514
1989,35,0.03743,0.04584
1989,36,0.02611,0.03705
1989,37,0.01767,0.02819
1989,38,0.01192,0.02210
1989,39,0.00786,0.01443
1989,40,0.00497,0.01007
1989,41,0.00286,0.00661
1989,42,0.00171,0.00403
1989,43,0.00085,0.00243
1989,44,0.00038,0.00123
1989,45,0.00017,0.00059
1989,46,0.00007,0.00026
1989,47,0.00002,0.00014
1989,48,0.00001,0.00009
1989,49,0.00001,0.00004
1989,50,0.00000,0.00000
1989,51,0.00000,0.00000
1989,52,0.00000,0.00000
1989,53,0.00000,0.00000
1989,54,0.00000,0.00000
1989,55,0.00000,0.00000
1990,12,0.00000,0.00023
1990,13,0.00000,0.00121
1990,14,0.00002,0.00582
1990,15,0.00010,0.01712
1990,16,0.00060,0.03610
1990,17,0.00196,0.05862
1990,18,0.00471,0.08259
1990,19,0.01087,0.09736
1990,20,0.01887,0.10431
1990,21,0.02882,0.11295
1990,22,0.04290,0.12032
1990,23,0.05760,0.12296
1990,24,0.08211,0.12195
1990,25,0.11415,0.12392
1990,26,0.13586,0.12535
1990,27,0.15213,0.12291
1990,28,0.15684,0.12245
1990,29,0.15148,0.10989
1990,30,0.13547,0.09951
1990,31,0.11296,0.09337
1990,32,0.09276,0.08095
1990,33,0.07070,0.06904
1990,34,0.05346,0.05767
1990,35,0.03929,0.04760
1990,36,0.02782,0.03923
1990,37,0.01888,0.02974
1990,38,0.01257,0.02297
1990,39,0.00817,0.01581
1990,40,0.00517,0.01080
1990,41,0.00308,0.00718
1990,42,0.00174,0.00423
1990,43,0.00097,0.00246
1990,44,0.00036,0.00132
1990,45,0.00015,0.00060
1990,46,0.00007,0.00029
1990,47,0.00002,0.00012
1990,48,0.00001,0.00006
1990,49,0.00001,0.00006
1990,50,0.00000,0.00000
1990,51,0.00000,0.00000
1990,52,0.00000,0.00000
1990,53,0.00000,0.00000
1990,54,0.00000,0.00000
1990,55,0.00000,0.00000
1991,12,0.00000,0.00024
1991,13,0.00000,0.00122
1991,14,0.00002,0.00573
1991,15,0.00012,0.01784
1991,16,0.00065,0.03709
1991,17,0.00202,0.06043
1991,18,0.00489,0.08622
1991,19,0.01117,0.10137
1991,20,0.01912,0.10740
1991,21,0.02970,0.11241
1991,22,0.04158,0.11839
1991,23,0.06068,0.12041
1991,24,0.07935,0.11862
1991,25,0.10472,0.12111
1991,26,0.13540,0.12069
1991,27,0.14836,0.11941
1991,28,0.15464,0.12015
1991,29,0.15042,0.10734
1991,30,0.13545,0.09919
1991,31,0.11399,0.09085
1991,32,0.09267,0.08002
1991,33,0.07418,0.06848
1991,34,0.05517,0.05685
1991,35,0.04043,0.04794
1991,36,0.02910,0.03926
1991,37,0.01945,0.03044
1991,38,0.01323,0.02388
1991,39,0.00853,0.01622
1991,40,0.00526,0.01136
1991,41,0.00316,0.00750
1991,42,0.00182,0.00460
1991,43,0.00094,0.00257
1991,44,0.00050,0.00131
1991,45,0.00020,0.00066
1991,46,0.00007,0.00029
1991,47,0.00003,0.00010
1991,48,0.00001,0.00006
1991,49,0.00000,0.00004
1991,50,0.00000,0.00000
1991,51,0.00000,0.00000
1991,52,0.00000,0.00000
1991,53,0.00000,0.00000
1991,54,0.00000,0.00000
1991,55,0.00000,0.00000
1992,12,0.00000,0.00018
1992,13,0.00000,0.00123
1992,14,0.00002,0.00576
1992,15,0.00012,0.01729
1992,16,0.00071,0.03692
1992,17,0.00205,0.05890
1992,18,0.00494,0.08462
1992,19,0.01097,0.10119
1992,20,0.01898,0.10954
1992,21,0.02914,0.11214
1992,22,0.04059,0.11452
1992,23,0.05724,0.11598
1992,24,0.08056,0.11659
1992,25,0.09757,0.11829
1992,26,0.12173,0.11848
1992,27,0.14645,0.11733
1992,28,0.14919,0.11988
1992,29,0.14626,0.10591
1992,30,0.13247,0.10030
1992,31,0.11414,0.09138
1992,32,0.09339,0.07925
1992,33,0.07434,0.06963
1992,34,0.05669,0.05816
1992,35,0.04202,0.04822
1992,36,0.03007,0.03978
1992,37,0.02096,0.03076
1992,38,0.01371,0.02442
1992,39,0.00907,0.01660
1992,40,0.00571,0.01188
1992,41,0.00329,0.00803
1992,42,0.00184,0.00477
1992,43,0.00098,0.00269
1992,44,0.00046,0.00137
1992,45,0.00022,0.00065
1992,46,0.00006,0.00028
1992,47,0.00003,0.00013
1992,48,0.00000,0.00008
1992,49,0.00000,0.00003
1992,50,0.00000,0.00000
1992,51,0.00000,0.00000
1992,52,0.00000,0.00000
1992,53,0.00000,0.00000
1992,54,0.00000,0.00000
1992,55,0.00000,0.00000
1993,12,0.00000,0.00015
1993,13,0.00000,0.00122
1993,14,0.00002,0.00572
1993,15,0.00013,0.01746
1993,16,0.00066,0.03630
1993,17,0.00198,0.05931
1993,18,0.00466,0.08261
1993,19,0.01082,0.09936
1993,20,0.01852,0.10816
1993,21,0.02824,0.11254
1993,22,0.03962,0.11298
1993,23,0.05414,0.11087
1993,24,0.07349,0.11143
1993,25,0.09814,0.11439
1993,26,0.11446,0.11652
1993,27,0.13108,0.11429
1993,28,0.14697,0.11639
1993,29,0.14134,0.10627
1993,30,0.12996,0.09890
1993,31,0.11230,0.09271
1993,32,0.09307,0.08010
1993,33,0.07464,0.06949
1993,34,0.05767,0.05882
1993,35,0.04384,0.04853
1993,36,0.03052,0.04046
1993,37,0.02121,0.03121
1993,38,0.01433,0.02466
1993,39,0.00940,0.01711
1993,40,0.00585,0.01207
1993,41,0.00356,0.00815
1993,42,0.00188,0.00499
1993,43,0.00101,0.00288
1993,44,0.00048,0.00150
1993,45,0.00019,0.00070
1993,46,0.00008,0.00033
1993,47,0.00004,0.00015
1993,48,0.00001,0.00008
1993,49,0.00000,0.00004
1993,50,0.00000,0.00000
1993,51,0.00000,0.00000
1993,52,0.00000,0.00000
1993,53,0.00000,0.00000
1993,54,0.00000,0.00000
1993,55,0.00000,0.00000
1994,12,0.00000,0.00017
1994,13,0.00000,0.00115
1994,14,0.00003,0.00564
1994,15,0.00013,0.01729
1994,16,0.00073,0.03639
1994,17,0.00209,0.05840
1994,18,0.00471,0.08226
1994,19,0.01092,0.09793
1994,20,0.01901,0.10577
1994,21,0.02895,0.10990
1994,22,0.03989,0.11308
1994,23,0.05519,0.10988
1994,24,0.07465,0.10722
1994,25,0.09535,0.11011
1994,26,0.12068,0.11334
1994,27,0.13016,0.11295
1994,28,0.14004,0.11438
1994,29,0.14921,0.10531
1994,30,0.13369,0.09976
1994,31,0.11734,0.09246
1994,32,0.09831,0.08176
1994,33,0.07954,0.07061
1994,34,0.06158,0.05887
1994,35,0.04658,0.04999
1994,36,0.03389,0.04101
1994,37,0.02324,0.03183
1994,38,0.01610,0.02544
1994,39,0.01069,0.01779
1994,40,0.00635,0.01264
1994,41,0.00387,0.00844
1994,42,0.00216,0.00532
1994,43,0.00106,0.00298
1994,44,0.00056,0.00162
1994,45,0.00023,0.00075
1994,46,0.00008,0.00034
1994,47,0.00004,0.00014
1994,48,0.00002,0.00009
1994,49,0.00001,0.00006
1994,50,0.00000,0.00000
1994,51,0.00000,0.00000
1994,52,0.00000,0.00000
1994,53,0.00000,0.00000
1994,54,0.00000,0.00000
1994,55,0.00000,0.00000
1995,12,0.00000,0.00015
1995,13,0.00000,0.00110
1995,14,0.00004,0.00529
1995,15,0.00014,0.01637
1995,16,0.00082,0.03475
1995,17,0.00221,0.05666
1995,18,0.00476,0.07913
1995,19,0.01042,0.09615
1995,20,0.01805,0.10291
1995,21,0.02788,0.10734
1995,22,0.03755,0.11116
1995,23,0.05123,0.11038
1995,24,0.06850,0.10617
1995,25,0.08788,0.10594
1995,26,0.10762,0.10952
1995,27,0.12724,0.11006
1995,28,0.12885,0.11347
1995,29,0.13091,0.10547
1995,30,0.13052,0.09881
1995,31,0.11198,0.09388
1995,32,0.09443,0.08208
1995,33,0.07787,0.07239
1995,34,0.06085,0.06040
1995,35,0.04600,0.05007
1995,36,0.03427,0.04191
1995,37,0.02400,0.03267
1995,38,0.01598,0.02595
1995,39,0.01067,0.01822
1995,40,0.00669,0.01284
1995,41,0.00398,0.00888
1995,42,0.00225,0.00535
1995,43,0.00123,0.00320
1995,44,0.00054,0.00166
1995,45,0.00022,0.00079
1995,46,0.00009,0.00036
1995,47,0.00003,0.00017
1995,48,0.00001,0.00009
1995,49,0.00001,0.00004
1995,50,0.00000,0.00000
1995,51,0.00000,0.00000
1995,52,0.00000,0.00000
1995,53,0.00000,0.00000
1995,54,0.00000,0.00000
1995,55,0.00000,0.00000
1996,12,0.00000,0.00015
1996,13,0.00000,0.00098
1996,14,0.00002,0.00478
1996,15,0.00014,0.01504
1996,16,0.00077,0.03193
1996,17,0.00249,0.05356
1996,18,0.00481,0.07589
1996,19,0.01036,0.09316
1996,20,0.01750,0.10213
1996,21,0.02674,0.10655
1996,22,0.03735,0.11138
1996,23,0.05025,0.11066
1996,24,0.06729,0.10864
1996,25,0.08523,0.10662
1996,26,0.10448,0.10831
1996,27,0.11949,0.10910
1996,28,0.13472,0.11246
1996,29,0.12987,0.10648
1996,30,0.12294,0.09950
1996,31,0.11839,0.09415
1996,32,0.09822,0.08414
1996,33,0.07991,0.07313
1996,34,0.06387,0.06266
1996,35,0.04894,0.05170
1996,36,0.03637,0.04265
1996,37,0.02525,0.03398
1996,38,0.01735,0.02633
1996,39,0.01139,0.01903
1996,40,0.00715,0.01345
1996,41,0.00420,0.00916
1996,42,0.00230,0.00566
1996,43,0.00116,0.00325
1996,44,0.00057,0.00177
1996,45,0.00022,0.00085
1996,46,0.00009,0.00044
1996,47,0.00004,0.00018
1996,48,0.00002,0.00008
1996,49,0.00001,0.00005
1996,50,0.00000,0.00000
1996,51,0.00000,0.00000
1996,52,0.00000,0.00000
1996,53,0.00000,0.00000
1996,54,0.00000,0.00000
1996,55,0.00000,0.00000
1997,12,0.00000,0.00014
1997,13,0.00000,0.00088
1997,14,0.00004,0.00426
1997,15,0.00018,0.01380
1997,16,0.00100,0.02989
1997,17,0.00272,0.05080
1997,18,0.00541,0.07328
1997,19,0.01114,0.09065
1997,20,0.01760,0.09977
1997,21,0.02616,0.10613
1997,22,0.03610,0.11043
1997,23,0.04896,0.11060
1997,24,0.06394,0.10947
1997,25,0.08080,0.10879
1997,26,0.09908,0.10853
1997,27,0.11410,0.10712
1997,28,0.12390,0.11056
1997,29,0.13137,0.10668
1997,30,0.11870,0.10018
1997,31,0.10655,0.09490
1997,32,0.09994,0.08433
1997,33,0.08110,0.07510
1997,34,0.06453,0.06328
1997,35,0.04924,0.05311
1997,36,0.03726,0.04381
1997,37,0.02584,0.03431
1997,38,0.01788,0.02718
1997,39,0.01223,0.01970
1997,40,0.00744,0.01382
1997,41,0.00447,0.00945
1997,42,0.00240,0.00584
1997,43,0.00137,0.00348
1997,44,0.00063,0.00183
1997,45,0.00026,0.00093
1997,46,0.00009,0.00042
1997,47,0.00004,0.00021
1997,48,0.00001,0.00010
1997,49,0.00001,0.00005
1997,50,0.00000,0.00003
1997,51,0.00000,0.00002
1997,52,0.00000,0.00001
1997,53,0.00000,0.00001
1997,54,0.00000,0.00001
1997,55,0.00000,0.00000
1998,12,0.00000,0.00012
1998,13,0.00000,0.00084
1998,14,0.00004,0.00401
1998,15,0.00022,0.01274
1998,16,0.00105,0.02869
1998,17,0.00290,0.04866
1998,18,0.00586,0.07098
1998,19,0.01223,0.09110
1998,20,0.01895,0.10101
1998,21,0.02710,0.10617
1998,22,0.03533,0.11268
1998,23,0.04783,0.11169
1998,24,0.06360,0.11114
1998,25,0.07862,0.11023
1998,26,0.09626,0.11270
1998,27,0.11042,0.10917
1998,28,0.12088,0.11016
1998,29,0.12506,0.10859
1998,30,0.12322,0.10211
1998,31,0.10756,0.09771
1998,32,0.09404,0.08666
1998,33,0.08434,0.07693
1998,34,0.06637,0.06610
1998,35,0.05128,0.05461
1998,36,0.03889,0.04564
1998,37,0.02712,0.03571
1998,38,0.01878,0.02790
1998,39,0.01270,0.02069
1998,40,0.00785,0.01434
1998,41,0.00479,0.00985
1998,42,0.00260,0.00619
1998,43,0.00135,0.00367
1998,44,0.00069,0.00196
1998,45,0.00031,0.00093
1998,46,0.00011,0.00046
1998,47,0.00004,0.00025
1998,48,0.00002,0.00011
1998,49,0.00001,0.00005
1998,50,0.00000,0.00003
1998,51,0.00000,0.00002
1998,52,0.00000,0.00002
1998,53,0.00000,0.00001
1998,54,0.00000,0.00000
1998,55,0.00000,0.00000
1999,12,0.00000,0.00013
1999,13,0.00001,0.00076
1999,14,0.00006,0.00375
1999,15,0.00024,0.01192
1999,16,0.00125,0.02633
1999,17,0.00332,0.04631
1999,18,0.00632,0.06798
1999,19,0.01277,0.09012
1999,20,0.02009,0.09957
1999,21,0.02768,0.10538
1999,22,0.03468,0.11103
1999,23,0.04629,0.11191
1999,24,0.06004,0.11135
1999,25,0.07587,0.11221
1999,26,0.09129,0.11261
1999,27,0.10526,0.11249
1999,28,0.11414,0.11019
1999,29,0.11889,0.10928
1999,30,0.11536,0.10367
1999,31,0.10907,0.09855
1999,32,0.09134,0.08916
1999,33,0.07663,0.07797
1999,34,0.06718,0.06752
1999,35,0.05150,0.05683
1999,36,0.03936,0.04649
1999,37,0.02776,0.03716
1999,38,0.01924,0.02805
1999,39,0.01284,0.02127
1999,40,0.00815,0.01475
1999,41,0.00475,0.00987
1999,42,0.00264,0.00627
1999,43,0.00148,0.00361
1999,44,0.00069,0.00203
1999,45,0.00030,0.00105
1999,46,0.00012,0.00051
1999,47,0.00005,0.00027
1999,48,0.00002,0.00012
1999,49,0.00001,0.00007
1999,50,0.00000,0.00004
1999,51,0.00000,0.00002
1999,52,0.00000,0.00002
1999,53,0.00000,0.00001
1999,54,0.00000,0.00001
1999,55,0.00000,0.00000
2000,12,0.00000,0.00012
2000,13,0.00001,0.00073
2000,14,0.00006,0.00347
2000,15,0.00027,0.01111
2000,16,0.00132,0.02507
2000,17,0.00383,0.04412
2000,18,0.00731,0.06767
2000,19,0.01395,0.08904
2000,20,0.02138,0.10028
2000,21,0.02977,0.10529
2000,22,0.03683,0.11124
2000,23,0.04596,0.11343
2000,24,0.05931,0.11384
2000,25,0.07412,0.11438
2000,26,0.09005,0.11495
2000,27,0.10312,0.11517
2000,28,0.11227,0.11407
2000,29,0.11731,0.11240
2000,30,0.11382,0.10889
2000,31,0.10631,0.10064
2000,32,0.09741,0.09302
2000,33,0.07877,0.08195
2000,34,0.06450,0.07103
2000,35,0.05544,0.05984
2000,36,0.04144,0.04916
2000,37,0.02934,0.03875
2000,38,0.02045,0.03026
2000,39,0.01392,0.02223
2000,40,0.00891,0.01612
2000,41,0.00529,0.01058
2000,42,0.00297,0.00654
2000,43,0.00149,0.00388
2000,44,0.00076,0.00214
2000,45,0.00031,0.00105
2000,46,0.00010,0.00054
2000,47,0.00004,0.00026
2000,48,0.00001,0.00013
2000,49,0.00001,0.00008
2000,50,0.00000,0.00005
2000,51,0.00000,0.00004
2000,52,0.00000,0.00002
2000,53,0.00000,0.00002
2000,54,0.00000,0.00001
2000,55,0.00000,0.00000
2001,12,0.00000,0.00012
2001,13,0.00001,0.00064
2001,14,0.00006,0.00315
2001,15,0.00031,0.01013
2001,16,0.00153,0.02285
2001,17,0.00418,0.04087
2001,18,0.00754,0.06376
2001,19,0.01519,0.08677
2001,20,0.02226,0.09643
2001,21,0.02982,0.10234
2001,22,0.03819,0.10759
2001,23,0.04772,0.11111
2001,24,0.05853,0.11224
2001,25,0.07219,0.11322
2001,26,0.08623,0.11405
2001,27,0.09964,0.11422
2001,28,0.10766,0.11380
2001,29,0.11244,0.11242
2001,30,0.10976,0.10787
2001,31,0.10218,0.10187
2001,32,0.09116,0.09250
2001,33,0.08101,0.08324
2001,34,0.06511,0.07266
2001,35,0.05275,0.06147
2001,36,0.04361,0.04985
2001,37,0.03023,0.03967
2001,38,0.02137,0.03088
2001,39,0.01467,0.02311
2001,40,0.00913,0.01630
2001,41,0.00544,0.01086
2001,42,0.00309,0.00680
2001,43,0.00150,0.00399
2001,44,0.00068,0.00215
2001,45,0.00030,0.00113
2001,46,0.00013,0.00057
2001,47,0.00004,0.00029
2001,48,0.00002,0.00015
2001,49,0.00001,0.00011
2001,50,0.00000,0.00006
2001,51,0.00000,0.00003
2001,52,0.00000,0.00001
2001,53,0.00000,0.00001
2001,54,0.00000,0.00001
2001,55,0.00000,0.00000
2002,12,0.00000,0.00010
2002,13,0.00001,0.00059
2002,14,0.00008,0.00292
2002,15,0.00038,0.00935
2002,16,0.00166,0.02151
2002,17,0.00432,0.03845
2002,18,0.00781,0.06002
2002,19,0.01547,0.08381
2002,20,0.02276,0.09444
2002,21,0.03045,0.09903
2002,22,0.03791,0.10524
2002,23,0.04716,0.10727
2002,24,0.05823,0.11104
2002,25,0.06960,0.11330
2002,26,0.08326,0.11465
2002,27,0.09470,0.11480
2002,28,0.10451,0.11523
2002,29,0.10991,0.11373
2002,30,0.10736,0.10907
2002,31,0.10049,0.10268
2002,32,0.09002,0.09375
2002,33,0.07867,0.08348
2002,34,0.06816,0.07491
2002,35,0.05258,0.06360
2002,36,0.04121,0.05156
2002,37,0.03197,0.04059
2002,38,0.02255,0.03158
2002,39,0.01525,0.02385
2002,40,0.00996,0.01684
2002,41,0.00572,0.01118
2002,42,0.00328,0.00703
2002,43,0.00161,0.00412
2002,44,0.00076,0.00226
2002,45,0.00030,0.00122
2002,46,0.00012,0.00059
2002,47,0.00005,0.00029
2002,48,0.00002,0.00017
2002,49,0.00002,0.00010
2002,50,0.00000,0.00005
2002,51,0.00000,0.00003
2002,52,0.00000,0.00002
2002,53,0.00000,0.00002
2002,54,0.00000,0.00001
2002,55,0.00000,0.00000
2003,12,0.00000,0.00000
2003,13,0.00001,0.00019
2003,14,0.00007,0.00302
2003,15,0.00038,0.00897
2003,16,0.00159,0.02051
2003,17,0.00390,0.03707
2003,18,0.00734,0.05816
2003,19,0.01454,0.08124
2003,20,0.02189,0.09396
2003,21,0.02942,0.09892
2003,22,0.03617,0.10353
2003,23,0.04488,0.10630
2003,24,0.05566,0.10923
2003,25,0.06710,0.11399
2003,26,0.07880,0.11657
2003,27,0.09175,0.11664
2003,28,0.10060,0.11764
2003,29,0.10678,0.11790
2003,30,0.10455,0.11156
2003,31,0.09884,0.10686
2003,32,0.08873,0.09761
2003,33,0.07789,0.08712
2003,34,0.06633,0.07726
2003,35,0.05587,0.06636
2003,36,0.04212,0.05510
2003,37,0.03088,0.04305
2003,38,0.02391,0.03306
2003,39,0.01621,0.02516
2003,40,0.01040,0.01789
2003,41,0.00623,0.01187
2003,42,0.00357,0.00737
2003,43,0.00174,0.00433
2003,44,0.00079,0.00237
2003,45,0.00032,0.00125
2003,46,0.00011,0.00064
2003,47,0.00005,0.00031
2003,48,0.00003,0.00017
2003,49,0.00001,0.00009
2003,50,0.00001,0.00007
2003,51,0.00001,0.00005
2003,52,0.00000,0.00002
2003,53,0.00000,0.00002
2003,54,0.00000,0.00001
2003,55,0.00000,0.00000
2004,12,0.00000,0.00009
2004,13,0.00001,0.00051
2004,14,0.00007,0.00260
2004,15,0.00031,0.00875
2004,16,0.00151,0.02043
2004,17,0.00372,0.03647
2004,18,0.00727,0.05734
2004,19,0.01439,0.08012
2004,20,0.02132,0.09244
2004,21,0.02939,0.09830
2004,22,0.03620,0.10407
2004,23,0.04426,0.10470
2004,24,0.05416,0.10868
2004,25,0.06597,0.11083
2004,26,0.07766,0.11612
2004,27,0.08867,0.11782
2004,28,0.09774,0.11850
2004,29,0.10458,0.11867
2004,30,0.10447,0.11333
2004,31,0.09897,0.10665
2004,32,0.08968,0.09790
2004,33,0.07827,0.08794
2004,34,0.06763,0.07889
2004,35,0.05627,0.06772
2004,36,0.04608,0.05632
2004,37,0.03279,0.04473
2004,38,0.02357,0.03412
2004,39,0.01751,0.02565
2004,40,0.01112,0.01834
2004,41,0.00659,0.01216
2004,42,0.00357,0.00772
2004,43,0.00190,0.00444
2004,44,0.00090,0.00251
2004,45,0.00036,0.00129
2004,46,0.00015,0.00064
2004,47,0.00007,0.00033
2004,48,0.00003,0.00017
2004,49,0.00002,0.00009
2004,50,0.00001,0.00008
2004,51,0.00001,0.00006
2004,52,0.00000,0.00003
2004,53,0.00000,0.00001
2004,54,0.00000,0.00000
2004,55,0.00000,0.00000
2005,12,0.00000,0.00008
2005,13,0.00001,0.00052
2005,14,0.00007,0.00257
2005,15,0.00028,0.00850
2005,16,0.00131,0.01950
2005,17,0.00344,0.03593
2005,18,0.00665,0.05670
2005,19,0.01342,0.07975
2005,20,0.02049,0.09183
2005,21,0.02826,0.09791
2005,22,0.03540,0.10500
2005,23,0.04265,0.10628
2005,24,0.05162,0.10777
2005,25,0.06244,0.11091
2005,26,0.07426,0.11449
2005,27,0.08496,0.11782
2005,28,0.09371,0.11961
2005,29,0.10003,0.11966
2005,30,0.09965,0.11295
2005,31,0.09548,0.10867
2005,32,0.08746,0.09742
2005,33,0.07774,0.08828
2005,34,0.06676,0.07861
2005,35,0.05573,0.06805
2005,36,0.04484,0.05669
2005,37,0.03425,0.04539
2005,38,0.02396,0.03505
2005,39,0.01693,0.02609
2005,40,0.01133,0.01846
2005,41,0.00685,0.01254
2005,42,0.00374,0.00790
2005,43,0.00192,0.00471
2005,44,0.00096,0.00256
2005,45,0.00043,0.00133
2005,46,0.00016,0.00067
2005,47,0.00007,0.00036
2005,48,0.00004,0.00018
2005,49,0.00003,0.00011
2005,50,0.00001,0.00009
2005,51,0.00001,0.00006
2005,52,0.00001,0.00003
2005,53,0.00000,0.00001
2005,54,0.00000,0.00000
2005,55,0.00001,0.00000
2006,12,0.00000,0.00007
2006,13,0.00001,0.00051
2006,14,0.00006,0.00247
2006,15,0.00031,0.00857
2006,16,0.00130,0.01990
2006,17,0.00370,0.03666
2006,18,0.00667,0.05913
2006,19,0.01300,0.08326
2006,20,0.02072,0.09555
2006,21,0.02875,0.10081
2006,22,0.03658,0.10815
2006,23,0.04400,0.11057
2006,24,0.05457,0.11223
2006,25,0.06378,0.11299
2006,26,0.07539,0.11668
2006,27,0.08712,0.11817
2006,28,0.09635,0.12182
2006,29,0.10340,0.12193
2006,30,0.10345,0.11537
2006,31,0.09892,0.11061
2006,32,0.09209,0.10029
2006,33,0.08158,0.08945
2006,34,0.07108,0.07942
2006,35,0.05960,0.06915
2006,36,0.04828,0.05775
2006,37,0.03626,0.04604
2006,38,0.02740,0.03606
2006,39,0.01845,0.02709
2006,40,0.01233,0.01943
2006,41,0.00768,0.01280
2006,42,0.00424,0.00811
2006,43,0.00231,0.00482
2006,44,0.00099,0.00270
2006,45,0.00043,0.00141
2006,46,0.00015,0.00069
2006,47,0.00005,0.00037
2006,48,0.00004,0.00020
2006,49,0.00001,0.00012
2006,50,0.00000,0.00011
2006,51,0.00000,0.00007
2006,52,0.00000,0.00003
2006,53,0.00000,0.00001
2006,54,0.00000,0.00000
2006,55,0.00000,0.00000
2007,12,0.00000,0.00007
2007,13,0.00001,0.00045
2007,14,0.00006,0.00247
2007,15,0.00030,0.00867
2007,16,0.00124,0.01997
2007,17,0.00339,0.03634
2007,18,0.00669,0.05916
2007,19,0.01303,0.08395
2007,20,0.02038,0.09576
2007,21,0.02807,0.10103
2007,22,0.03558,0.10644
2007,23,0.04443,0.11048
2007,24,0.05364,0.11304
2007,25,0.06454,0.11416
2007,26,0.07490,0.11622
2007,27,0.08599,0.11776
2007,28,0.09557,0.12006
2007,29,0.10323,0.12385
2007,30,0.10406,0.11728
2007,31,0.09978,0.11225
2007,32,0.09269,0.10081
2007,33,0.08382,0.09112
2007,34,0.07367,0.08066
2007,35,0.06259,0.06948
2007,36,0.05092,0.05762
2007,37,0.03895,0.04680
2007,38,0.02892,0.03625
2007,39,0.02115,0.02803
2007,40,0.01384,0.01989
2007,41,0.00810,0.01314
2007,42,0.00488,0.00833
2007,43,0.00250,0.00491
2007,44,0.00108,0.00276
2007,45,0.00046,0.00148
2007,46,0.00019,0.00075
2007,47,0.00008,0.00040
2007,48,0.00003,0.00022
2007,49,0.00001,0.00012
2007,50,0.00001,0.00011
2007,51,0.00000,0.00007
2007,52,0.00000,0.00003
2007,53,0.00000,0.00001
2007,54,0.00000,0.00000
2007,55,0.00000,0.00000
2008,12,0.00000,0.00007
2008,13,0.00000,0.00043
2008,14,0.00006,0.00231
2008,15,0.00029,0.00813
2008,16,0.00132,0.01935
2008,17,0.00368,0.03552
2008,18,0.00699,0.05660
2008,19,0.01333,0.08021
2008,20,0.02042,0.09294
2008,21,0.02853,0.09677
2008,22,0.03599,0.10374
2008,23,0.04492,0.10608
2008,24,0.05510,0.10943
2008,25,0.06486,0.11148
2008,26,0.07680,0.11415
2008,27,0.08620,0.11410
2008,28,0.09585,0.11754
2008,29,0.10400,0.11873
2008,30,0.10460,0.11482
2008,31,0.10138,0.11128
2008,32,0.09478,0.09976
2008,33,0.08506,0.08971
2008,34,0.07613,0.08034
2008,35,0.06496,0.06862
2008,36,0.05332,0.05742
2008,37,0.04123,0.04591
2008,38,0.03091,0.03641
2008,39,0.02209,0.02785
2008,40,0.01512,0.02037
2008,41,0.00886,0.01364
2008,42,0.00498,0.00856
2008,43,0.00269,0.00512
2008,44,0.00127,0.00283
2008,45,0.00044,0.00151
2008,46,0.00020,0.00078
2008,47,0.00009,0.00041
2008,48,0.00003,0.00025
2008,49,0.00002,0.00014
2008,50,0.00001,0.00012
2008,51,0.00001,0.00007
2008,52,0.00001,0.00003
2008,53,0.00000,0.00001
2008,54,0.00000,0.00000
2008,55,0.00000,0.00000
2009,12,0.00000,0.00006
2009,13,0.00001,0.00038
2009,14,0.00010,0.00204
2009,15,0.00028,0.00753
2009,16,0.00134,0.01781
2009,17,0.00353,0.03296
2009,18,0.00666,0.05319
2009,19,0.01300,0.07531
2009,20,0.01991,0.08730
2009,21,0.02740,0.09200
2009,22,0.03439,0.09793
2009,23,0.04360,0.10022
2009,24,0.05374,0.10315
2009,25,0.06438,0.10612
2009,26,0.07557,0.11114
2009,27,0.08666,0.11181
2009,28,0.09510,0.11337
2009,29,0.10252,0.11571
2009,30,0.10475,0.11039
2009,31,0.10124,0.10901
2009,32,0.09483,0.09873
2009,33,0.08601,0.08872
2009,34,0.07660,0.07910
2009,35,0.06623,0.06844
2009,36,0.05487,0.05666
2009,37,0.04252,0.04555
2009,38,0.03258,0.03571
2009,39,0.02384,0.02760
2009,40,0.01576,0.02015
2009,41,0.00996,0.01375
2009,42,0.00538,0.00866
2009,43,0.00274,0.00506
2009,44,0.00137,0.00291
2009,45,0.00055,0.00155
2009,46,0.00019,0.00084
2009,47,0.00008,0.00045
2009,48,0.00003,0.00022
2009,49,0.00003,0.00015
2009,50,0.00001,0.00012
2009,51,0.00000,0.00008
2009,52,0.00000,0.00003
2009,53,0.00000,0.00001
2009,54,0.00000,0.00000
2009,55,0.00001,0.00000
2010,12,0.00000,0.00006
2010,13,0.00001,0.00034
2010,14,0.00008,0.00182
2010,15,0.00029,0.00655
2010,16,0.00124,0.01592
2010,17,0.00310,0.02931
2010,18,0.00614,0.04773
2010,19,0.01235,0.06923
2010,20,0.01922,0.07974
2010,21,0.02673,0.08424
2010,22,0.03353,0.09148
2010,23,0.04240,0.09403
2010,24,0.05420,0.09814
2010,25,0.06476,0.10156
2010,26,0.07730,0.10643
2010,27,0.08850,0.10880
2010,28,0.09837,0.11118
2010,29,0.10417,0.11204
2010,30,0.10499,0.10876
2010,31,0.10346,0.10502
2010,32,0.09777,0.09804
2010,33,0.08938,0.08858
2010,34,0.07934,0.07846
2010,35,0.06870,0.06809
2010,36,0.05795,0.05651
2010,37,0.04496,0.04500
2010,38,0.03447,0.03593
2010,39,0.02552,0.02751
2010,40,0.01725,0.01995
2010,41,0.01081,0.01360
2010,42,0.00634,0.00884
2010,43,0.00317,0.00531
2010,44,0.00138,0.00286
2010,45,0.00057,0.00155
2010,46,0.00024,0.00080
2010,47,0.00007,0.00042
2010,48,0.00006,0.00025
2010,49,0.00003,0.00014
2010,50,0.00001,0.00012
2010,51,0.00001,0.00008
2010,52,0.00000,0.00003
2010,53,0.00000,0.00001
2010,54,0.00000,0.00000
2010,55,0.00000,0.00000
2011,12,0.00000,0.00005
2011,13,0.00001,0.00030
2011,14,0.00007,0.00161
2011,15,0.00034,0.00578
2011,16,0.00129,0.01406
2011,17,0.00325,0.02602
2011,18,0.00590,0.04318
2011,19,0.01189,0.06444
2011,20,0.01854,0.07509
2011,21,0.02564,0.08007
2011,22,0.03222,0.08650
2011,23,0.04124,0.09080
2011,24,0.05230,0.09476
2011,25,0.06335,0.10000
2011,26,0.07692,0.10366
2011,27,0.08906,0.10805
2011,28,0.09797,0.11118
2011,29,0.10554,0.11213
2011,30,0.10547,0.10881
2011,31,0.10377,0.10485
2011,32,0.09824,0.09718
2011,33,0.08990,0.08970
2011,34,0.08162,0.07953
2011,35,0.07007,0.06904
2011,36,0.05858,0.05730
2011,37,0.04673,0.04628
2011,38,0.03566,0.03586
2011,39,0.02655,0.02779
2011,40,0.01820,0.02003
2011,41,0.01148,0.01378
2011,42,0.00650,0.00873
2011,43,0.00348,0.00532
2011,44,0.00152,0.00291
2011,45,0.00062,0.00157
2011,46,0.00025,0.00081
2011,47,0.00008,0.00041
2011,48,0.00005,0.00026
2011,49,0.00003,0.00015
2011,50,0.00002,0.00013
2011,51,0.00002,0.00008
2011,52,0.00000,0.00003
2011,53,0.00000,0.00001
2011,54,0.00000,0.00000
2011,55,0.00001,0.00000
2012,12,0.00000,0.00004
2012,13,0.00001,0.00028
2012,14,0.00009,0.00149
2012,15,0.00031,0.00537
2012,16,0.00138,0.01288
2012,17,0.00324,0.02370
2012,18,0.00575,0.04033
2012,19,0.01102,0.06192
2012,20,0.01750,0.07283
2012,21,0.02426,0.07787
2012,22,0.03050,0.08383
2012,23,0.03845,0.08776
2012,24,0.04926,0.09363
2012,25,0.06134,0.09824
2012,26,0.07525,0.10282
2012,27,0.08824,0.10728
2012,28,0.09883,0.11080
2012,29,0.10629,0.11200
2012,30,0.10742,0.11103
2012,31,0.10422,0.10572
2012,32,0.10029,0.09805
2012,33,0.09238,0.08879
2012,34,0.08345,0.08079
2012,35,0.07343,0.06997
2012,36,0.06166,0.05812
2012,37,0.04874,0.04693
2012,38,0.03806,0.03698
2012,39,0.02853,0.02839
2012,40,0.01977,0.02050
2012,41,0.01268,0.01387
2012,42,0.00712,0.00891
2012,43,0.00376,0.00540
2012,44,0.00183,0.00312
2012,45,0.00074,0.00164
2012,46,0.00023,0.00088
2012,47,0.00009,0.00045
2012,48,0.00005,0.00024
2012,49,0.00004,0.00015
2012,50,0.00001,0.00013
2012,51,0.00002,0.00008
2012,52,0.00001,0.00003
2012,53,0.00001,0.00001
2012,54,0.00001,0.00000
2012,55,0.00000,0.00000
2013,12,0.00000,0.00003
2013,13,0.00001,0.00022
2013,14,0.00008,0.00126
2013,15,0.00032,0.00465
2013,16,0.00131,0.01107
2013,17,0.00323,0.02094
2013,18,0.00597,0.03648
2013,19,0.01125,0.05746
2013,20,0.01675,0.06961
2013,21,0.02373,0.07525
2013,22,0.02970,0.08179
2013,23,0.03735,0.08562
2013,24,0.04697,0.09075
2013,25,0.05920,0.09681
2013,26,0.07349,0.10138
2013,27,0.08750,0.10647
2013,28,0.09888,0.10961
2013,29,0.10807,0.11240
2013,30,0.10878,0.11099
2013,31,0.10722,0.10790
2013,32,0.10075,0.09916
2013,33,0.09458,0.08987
2013,34,0.08677,0.08071
2013,35,0.07740,0.07147
2013,36,0.06521,0.05925
2013,37,0.05184,0.04784
2013,38,0.04017,0.03743
2013,39,0.03068,0.02897
2013,40,0.02123,0.02095
2013,41,0.01354,0.01441
2013,42,0.00805,0.00906
2013,43,0.00415,0.00550
2013,44,0.00194,0.00307
2013,45,0.00077,0.00180
2013,46,0.00029,0.00091
2013,47,0.00011,0.00046
2013,48,0.00006,0.00026
2013,49,0.00003,0.00017
2013,50,0.00002,0.00015
2013,51,0.00003,0.00009
2013,52,0.00001,0.00004
2013,53,0.00001,0.00001
2013,54,0.00000,0.00000
2013,55,0.00000,0.00000
2014,12,0.00000,0.00004
2014,13,0.00001,0.00019
2014,14,0.00007,0.00112
2014,15,0.00033,0.00396
2014,16,0.00125,0.00990
2014,17,0.00332,0.01884
2014,18,0.00594,0.03368
2014,19,0.01136,0.05374
2014,20,0.01683,0.06693
2014,21,0.02256,0.07366
2014,22,0.02851,0.08095
2014,23,0.03570,0.08477
2014,24,0.04470,0.08952
2014,25,0.05683,0.09559
2014,26,0.07072,0.10178
2014,27,0.08482,0.10708
2014,28,0.09779,0.11173
2014,29,0.10657,0.11391
2014,30,0.10855,0.11373
2014,31,0.10781,0.11144
2014,32,0.10234,0.10378
2014,33,0.09405,0.09306
2014,34,0.08816,0.08366
2014,35,0.07710,0.07318
2014,36,0.06649,0.06180
2014,37,0.05439,0.04941
2014,38,0.04181,0.03884
2014,39,0.03202,0.03000
2014,40,0.02248,0.02169
2014,41,0.01411,0.01456
2014,42,0.00857,0.00952
2014,43,0.00453,0.00555
2014,44,0.00209,0.00324
2014,45,0.00080,0.00175
2014,46,0.00034,0.00095
2014,47,0.00013,0.00051
2014,48,0.00007,0.00027
2014,49,0.00005,0.00019
2014,50,0.00002,0.00017
2014,51,0.00002,0.00010
2014,52,0.00001,0.00004
2014,53,0.00001,0.00001
2014,54,0.00000,0.00000
2014,55,0.00001,0.00000
