Name,PPG,Games Played,MIN,PTS,FGM,FGA,FG%,3PM,3PA,3P%,FTM,FTA,FT%,OREB,DREB,REB,AST,STL,BLK,TOV,PF,EFF,AST/TOV,STL/TOV,Age,Birth_Place,Birthdate,Collage,Experience,Height,Pos,Team,Weight,BMI
AJ Price,5.115384615,26,324,133,51,137,37.2,15,57,26.3,16,24,66.7,6,26,32,46,7,0,14,15,110,3.29,0.5,29,us,7-Oct-86,University of Connecticut,5,185,,PHO,81.45,23.79839299
Aaron Brooks,11.63414634,82,1885,954,344,817,42.1,121,313,38.7,145,174,83.3,32,134,166,261,54,15,157,189,791,1.66,0.34,30,us,14-Jan-85,University of Oregon,6,180,PG,CHI,72.45,22.36111111
Aaron Gordon,5.170212766,47,797,243,93,208,44.7,13,48,27.1,44,61,72.1,46,123,169,33,21,22,38,83,318,0.87,0.55,20,us,16-Sep-95,University of Arizona,R,202.5,PF,ORL,99,24.14266118
Adreian Payne,6.65625,32,740,213,91,220,41.4,1,9,11.1,30,46,65.2,48,114,162,30,19,9,44,88,244,0.68,0.43,24,us,19-Feb-91,Michigan State University,R,205,PF,ATL,106.65,25.37775134
Al Horford,15.21052632,76,2318,1156,519,965,53.8,11,36,30.6,107,141,75.9,131,413,544,244,68,98,100,121,1530,2.44,0.68,29,do,3-Jun-86,University of Florida,7,205,C,ATL,110.25,26.2343843
Al Jefferson,16.64615385,65,1992,1082,486,1010,48.1,2,5,40,108,165,65.5,99,449,548,113,47,84,68,139,1225,1.66,0.69,30,us,4-Jan-85,,10,205,C,CHA,130.05,30.94586556
Alan Anderson,7.364864865,74,1744,545,195,440,44.3,73,210,34.8,82,101,81.2,31,173,204,83,56,5,60,148,569,1.38,0.93,33,us,16-Oct-82,Michigan State University,5,195,SG,NJN,99,26.03550296
Alec Burks,13.85185185,27,899,374,121,300,40.3,26,68,38.2,106,129,82.2,19,95,114,82,17,5,52,64,338,1.58,0.33,24,us,20-Jul-91,University of Colorado,3,195,SG,UTA,96.3,25.32544379
Alex Kirk,0.8,5,14,4,1,4,25,0,0,0,2,2,100,1,0,1,1,0,0,0,1,3,0,0,24,us,14-Nov-91,University of New Mexico,R,210,C,CLE,110.25,25
Alex Len,6.260869565,69,1518,432,179,353,50.7,1,3,33.3,73,104,70.2,142,312,454,32,34,105,74,213,778,0.43,0.46,22,ua,16-Jun-93,University of Maryland,1,212.5,C,PHO,117,25.9100346
Alexey Shved,10.33333333,42,767,434,133,335,39.7,47,139,33.8,121,150,80.7,23,76,99,106,30,6,48,48,396,2.21,0.63,27,ru,16-Dec-88,,2,195,SG,NYK,85.5,22.4852071
Alexis Ajinca,6.514705882,68,957,443,181,329,55,0,0,0,81,99,81.8,104,211,315,47,21,51,69,151,642,0.68,0.3,27,fr,6-May-88,,4,215,C,NOH,111.6,24.14277988
Allen Crabbe,3.294117647,51,683,168,63,153,41.2,30,85,35.3,12,16,75,7,66,73,39,19,15,15,74,205,2.6,1.27,23,us,9-Apr-92,University of California,1,195,SG,POR,94.5,24.85207101
Amir Johnson,9.253333333,75,1979,694,298,519,57.4,19,46,41.3,79,129,61.2,159,297,456,117,44,59,110,225,989,1.06,0.4,28,us,1-May-87,,9,202.5,PF,TOR,108,26.33744856
Andre Dawkins,0.75,4,22,3,1,6,16.7,1,6,16.7,0,0,0,0,2,2,1,0,0,1,3,0,1,0,24,us,19-Sep-91,Duke University,R,192.5,SG,MIA,96.75,26.10895598
Andre Drummond,13.7804878,82,2502,1130,494,961,51.4,0,2,0,142,365,38.9,437,667,1104,55,73,153,120,285,1705,0.46,0.61,22,us,10-Aug-93,University of Connecticut,2,207.5,C,DET,125.55,29.15952969
Andre Miller,4.382716049,81,1253,355,145,290,50,7,34,20.6,58,77,75.3,37,116,153,284,32,6,104,103,562,2.73,0.31,39,us,19-Mar-76,University of Utah,15,187.5,PG,WAS,90,25.6
Andre Roberson,3.402985075,67,1286,228,92,201,45.8,21,85,24.7,23,48,47.9,60,195,255,70,53,29,46,141,455,1.52,1.15,24,us,4-Dec-91,University of Colorado,1,197.5,SG,OKC,94.5,24.22688672
Andrea Bargnani,14.82758621,29,785,430,164,361,45.4,15,41,36.6,87,107,81.3,32,95,127,46,2,27,42,53,373,1.1,0.05,30,it,26-Oct-85,,8,210,C,NYK,110.25,25
Andrew Bogut,6.298507463,67,1583,422,200,355,56.3,0,0,0,22,42,52.4,141,402,543,180,39,113,106,188,1016,1.7,0.37,31,au,28-Nov-84,University of Utah,9,210,C,GSW,117,26.53061224
Andrew Nicholson,4.85,40,492,194,83,190,43.7,13,41,31.7,15,25,60,17,65,82,22,6,12,24,51,175,0.92,0.25,26,ca,8-Dec-89,St. Bonaventure University,2,202.5,PF,ORL,112.5,27.43484225
Anthony Bennett,5.228070175,57,894,298,125,297,42.1,7,23,30.4,41,64,64.1,52,164,216,48,27,16,36,87,374,1.33,0.75,22,ca,14-Mar-93,"University of Nevada, Las Vegas",1,200,PF,MIN,110.25,27.5625
Anthony Davis,24.35294118,68,2455,1656,642,1199,53.5,1,12,8.3,371,461,80.5,173,523,696,149,100,200,95,141,2059,1.57,1.05,22,us,11-Mar-93,University of Kentucky,2,205,PF,NOH,113.85,27.09101725
Anthony Morrow,10.67567568,74,1806,790,285,615,46.3,141,325,43.4,79,89,88.8,40,155,195,60,54,11,38,135,732,1.58,1.42,30,us,27-Sep-85,Georgia Institute of Technology,6,192.5,SG,OKC,94.5,25.50177096
Archie Goodwin,5.634146341,41,535,231,79,201,39.3,12,41,29.3,61,83,73.5,27,47,74,44,18,9,48,55,184,0.92,0.38,21,us,17-Aug-94,University of Kentucky,1,192.5,SG,PHO,90,24.28740091
Arinze Onuaku,4.5,6,68,27,12,14,85.7,0,0,0,3,8,37.5,7,14,21,4,1,3,2,6,47,2,0.5,28,us,13-Jul-87,Syracuse University,1,202.5,C,MIN,114.75,27.98353909
Aron Baynes,6.585714286,70,1122,461,185,327,56.6,1,4,25,90,104,86.5,109,209,318,35,16,22,65,162,631,0.54,0.25,29,nz,9-Dec-86,Washington State University,2,205,C,SAS,117,27.84057109
Arron Afflalo,13.26923077,78,2502,1035,375,884,42.4,118,333,35.4,167,198,84.3,27,220,247,129,41,7,116,167,803,1.11,0.35,30,us,15-Oct-85,"University of California, Los Angeles",7,192.5,SG,POR,94.5,25.50177096
Austin Rivers,6.973684211,76,1563,530,203,496,40.9,39,131,29.8,85,126,67.5,27,125,152,155,48,14,65,146,500,2.39,0.74,23,us,1-Aug-92,Duke University,2,190,SG,NOH,90,24.93074792
Avery Bradley,13.90909091,77,2428,1071,434,1013,42.8,124,352,35.2,79,100,79,46,195,241,135,82,15,109,177,835,1.24,0.75,25,us,26-Nov-90,University of Texas at Austin,4,185,SG,BOS,81,23.66691015
Ben Gordon,6.232142857,56,790,349,129,295,43.7,35,97,36.1,56,67,83.6,6,57,63,50,14,1,55,60,245,0.91,0.26,32,gb,4-Apr-83,University of Connecticut,10,187.5,SG,ORL,90,25.6
Ben McLemore,12.14634146,82,2670,996,363,831,43.7,140,391,35.8,130,160,81.3,31,210,241,140,77,19,138,219,837,1.01,0.56,22,us,11-Feb-93,University of Kansas,1,192.5,SG,SAC,87.75,23.68021589
Bernard James,2.75,16,158,44,12,27,44.4,0,0,0,20,23,87,18,21,39,4,2,15,6,17,80,0.67,0.33,30,us,7-Feb-85,Florida State University,2,205,C,DAL,108,25.6989887
Bismack Biyombo,4.75,64,1243,304,101,186,54.3,0,0,0,102,175,58.3,159,248,407,16,18,99,52,140,634,0.31,0.35,23,cd,28-Aug-92,,3,202.5,C,CHA,114.75,27.98353909
Blake Griffin,21.92537313,67,2356,1469,574,1144,50.2,10,25,40,311,427,72.8,126,382,508,354,63,35,152,196,1591,2.33,0.41,26,us,16-Mar-89,University of Oklahoma,4,205,PF,LAC,112.95,26.87685901
Boris Diaw,8.740740741,81,1984,708,291,632,46,54,169,32,72,93,77.4,78,270,348,233,36,23,126,148,860,1.85,0.29,33,fr,16-Apr-82,,11,200,PF,SAS,112.5,28.125
Bradley Beal,15.26984127,63,2107,962,363,851,42.7,106,259,40.9,130,166,78.3,57,184,241,194,76,18,123,136,844,1.58,0.62,22,us,28-Jun-93,University of Florida,2,192.5,SG,WAS,93.15,25.13745994
Brandon Bass,10.56097561,82,1929,866,344,683,50.4,9,32,28.1,169,214,79,139,259,398,104,41,32,83,140,974,1.25,0.49,30,us,30-Apr-85,Louisiana State University,9,200,PF,BOS,112.5,28.125
Brandon Davies,5.259259259,27,423,142,55,137,40.1,8,34,23.5,24,37,64.9,38,45,83,30,18,7,29,59,156,1.03,0.62,24,us,25-Jul-91,Brigham Young University,1,205,PF,PHI,108,25.6989887
Brandon Jennings,15.41463415,41,1173,632,218,543,40.1,76,211,36,120,143,83.9,21,83,104,272,44,4,90,64,618,3.02,0.49,26,us,23-Sep-89,,5,182.5,PG,DET,76.5,22.96866204
Brandon Knight,16.98412698,63,2035,1070,375,888,42.2,125,321,38.9,195,223,87.4,28,216,244,330,90,10,189,114,1014,1.75,0.48,24,us,2-Dec-91,University of Kentucky,3,187.5,SG,PHO,85.05,24.192
Brandon Rush,0.909090909,33,271,30,11,54,20.4,3,27,11.1,5,11,45.5,4,37,41,12,5,12,11,27,40,1.09,0.46,30,us,7-Jul-85,University of Kansas,6,195,SG,GSW,99,26.03550296
Brendan Haywood,1.590909091,22,119,35,14,30,46.7,0,0,0,7,13,53.8,6,23,29,2,2,10,10,17,46,0.2,0.2,36,us,27-Nov-79,University of North Carolina,12,210,C,CLE,120.6,27.34693878
Brian Roberts,6.666666667,72,1330,480,176,452,38.9,62,193,32.1,66,74,89.2,13,96,109,162,33,6,57,75,449,2.84,0.58,30,us,3-Dec-85,University of Dayton,2,182.5,PG,CHA,77.85,23.37399137
Brook Lopez,17.16666667,72,2100,1236,506,987,51.3,1,10,10,223,274,81.4,214,321,535,50,43,126,104,206,1354,0.48,0.41,27,us,1-Apr-88,Stanford University,6,210,C,NJN,123.75,28.06122449
Bryce Cotton,5.333333333,15,159,80,29,69,42,7,20,35,15,18,83.3,3,15,18,15,4,0,12,6,62,1.25,0.33,23,us,11-Aug-92,Providence College,R,182.5,PG,UTA,74.25,22.29311315
C.J. Watson,10,57,1422,570,181,417,43.4,70,175,40,138,167,82.6,18,145,163,208,57,9,100,107,642,2.08,0.57,31,us,17-Apr-84,University of Tennessee,7,185,PG,IND,78.75,23.00949598
Cameron Bairstow,0.555555556,18,64,10,3,14,21.4,0,0,0,4,5,80,6,2,8,1,2,1,3,8,7,0.33,0.67,25,au,7-Dec-90,University of New Mexico,R,202.5,PF,CHI,112.5,27.43484225
Carl Landry,7.185714286,70,1192,503,190,369,51.5,0,0,0,123,150,82,99,169,268,26,15,17,54,132,569,0.48,0.28,32,us,19-Sep-83,Purdue University,7,202.5,PF,SAC,111.6,27.21536351
Carlos Boozer,11.77464789,71,1692,836,371,743,49.9,0,0,0,94,150,62.7,111,371,482,95,41,12,92,184,946,1.03,0.45,34,de,20-Nov-81,Duke University,12,202.5,PF,LAL,116.1,28.3127572
Channing Frye,7.32,75,1870,549,191,487,39.2,136,346,39.3,31,35,88.6,27,266,293,94,47,39,78,191,644,1.21,0.6,32,us,17-May-83,University of Arizona,8,207.5,PF,ORL,114.75,26.65118305
Chris Andersen,5.333333333,60,1132,320,120,207,58,4,13,30.8,76,114,66.7,76,223,299,43,26,61,40,88,584,1.08,0.65,37,us,7-Jul-78,Blinn College,12,205,C,MIA,110.25,26.2343843
Chris Bosh,21.09090909,44,1556,928,343,745,46,63,168,37.5,179,232,77.2,46,264,310,95,41,25,95,69,849,1,0.43,31,us,24-Mar-84,Georgia Institute of Technology,11,207.5,C,MIA,105.75,24.56089418
Chris Douglas-Roberts,1.583333333,12,103,19,5,21,23.8,1,7,14.3,8,8,100,1,11,12,4,1,0,0,14,20,0,0,28,us,8-Jan-87,University of Memphis,5,197.5,SG,LAC,90,23.07322544
Chris Kaman,8.621621622,74,1398,638,283,549,51.5,0,0,0,72,102,70.6,149,335,484,65,18,54,108,140,855,0.6,0.17,33,us,28-Apr-82,Central Michigan University,11,210,C,POR,119.25,27.04081633
Chris Paul,19.07317073,82,2857,1564,568,1170,48.5,139,349,39.8,289,321,90,52,324,376,838,156,15,190,203,2125,4.41,0.82,30,us,6-May-85,Wake Forest University,9,180,PG,LAC,78.75,24.30555556
Chuck Hayes,1.724137931,29,255,50,22,46,47.8,0,0,0,6,11,54.5,18,33,51,20,10,4,8,37,98,2.5,1.25,32,us,11-Jun-83,University of Kentucky,9,195,C,TOR,108,28.40236686
CJ McCollum,6.838709677,62,973,424,159,365,43.6,55,139,39.6,51,73,69.9,14,77,91,64,43,8,48,81,354,1.33,0.9,24,us,19-Sep-91,Lehigh University,1,190,SG,POR,90,24.93074792
CJ Miles,13.45714286,70,1841,942,329,827,39.8,154,446,34.5,130,161,80.7,18,196,214,75,60,26,73,132,715,1.03,0.82,28,us,18-Apr-87,,9,195,SG,IND,101.25,26.62721893
Clint Capela,2.666666667,12,90,32,14,29,48.3,0,0,0,4,23,17.4,10,26,36,2,1,9,5,14,41,0.4,0.2,21,ch,18-May-94,,R,205,C,HOU,108,25.6989887
Cole Aldrich,5.540983607,61,976,338,144,301,47.8,0,0,0,50,64,78.1,101,237,338,75,37,65,59,122,623,1.27,0.63,27,us,31-Oct-88,University of Kansas,4,207.5,C,NYK,112.5,26.12861083
Cory Jefferson,3.66,50,531,183,75,167,44.9,2,15,13.3,31,54,57.4,47,98,145,16,10,21,20,61,240,0.8,0.5,25,us,26-Dec-90,Baylor University,R,202.5,PF,NJN,98.1,23.92318244
Cory Joseph,6.772151899,79,1444,535,207,411,50.4,16,44,36.4,105,143,73.4,44,148,192,188,46,17,67,105,669,2.81,0.69,24,ca,20-Aug-91,University of Texas at Austin,3,187.5,PG,SAS,86.85,24.704
Courtney Lee,10.09090909,77,2354,777,288,643,44.8,90,224,40.2,111,129,86,21,157,178,151,75,12,78,129,742,1.94,0.96,30,us,3-Oct-85,Western Kentucky University,6,192.5,SG,MEM,90,24.28740091
D.J. Augustin,9.475609756,82,1964,777,258,647,39.9,83,246,33.7,178,205,86.8,20,141,161,353,49,3,145,93,782,2.43,0.34,28,us,10-Nov-87,University of Texas at Austin,6,180,PG,OKC,82.35,25.41666667
Damian Lillard,20.97560976,82,2925,1720,590,1360,43.4,196,572,34.3,344,398,86.4,49,329,378,507,97,21,222,164,1677,2.28,0.44,25,us,15-Jul-90,Weber State University,2,187.5,PG,POR,87.75,24.96
Danny Green,11.67901235,81,2312,946,322,738,43.6,191,457,41.8,111,127,87.4,54,289,343,158,101,87,93,163,1110,1.7,1.09,28,us,22-Jun-87,University of North Carolina,5,195,SG,SAS,96.75,25.44378698
Dante Cunningham,5.151515152,66,1652,340,155,339,45.7,1,10,10,29,47,61.7,70,186,256,50,46,37,35,101,492,1.43,1.31,28,us,22-Apr-87,Villanova University,5,200,PF,NOH,103.5,25.875
Dante Exum,4.792682927,82,1817,393,145,416,34.9,83,264,31.4,20,32,62.5,27,104,131,198,41,14,118,147,376,1.68,0.35,20,au,13-Jul-95,,R,195,PG,UTA,85.5,22.4852071
Darius Morris,2.184210526,38,299,83,36,106,34,7,33,21.2,4,9,44.4,7,20,27,48,9,0,21,20,71,2.29,0.43,24,us,3-Jan-91,University of Michigan,3,190,PG,NJN,85.5,23.68421053
Darrell Arthur,6.586206897,58,988,382,155,384,40.4,26,110,23.6,46,59,78,53,118,171,57,48,26,47,146,395,1.21,1.02,27,us,25-Mar-88,University of Kansas,5,202.5,PF,DEN,105.75,25.78875171
Darren Collison,16.11111111,45,1565,725,260,550,47.3,60,161,37.3,145,184,78.8,19,124,143,252,67,14,112,95,760,2.25,0.6,28,us,23-Aug-87,"University of California, Los Angeles",5,180,PG,SAC,78.75,24.30555556
David Lee,7.918367347,49,904,388,160,313,51.1,0,2,0,68,104,65.4,81,176,257,85,31,26,49,83,549,1.74,0.63,32,us,29-Apr-83,University of Florida,9,202.5,PF,GSW,110.25,26.8861454
David Stockton,2.666666667,3,33,8,2,6,33.3,1,2,50,3,6,50,0,2,2,9,2,0,4,1,10,2.25,0.5,24,us,24-Jun-91,Gonzaga University,R,177.5,PG,SAC,74.25,23.56675263
David West,11.65151515,66,1895,769,323,686,47.1,4,20,20,119,161,73.9,108,341,449,223,48,48,120,160,1012,1.86,0.4,35,us,29-Aug-80,Xavier University,11,202.5,PF,IND,112.5,27.43484225
DeAndre Jordan,11.53658537,82,2820,946,379,534,71,1,4,25,187,471,39.7,397,829,1226,61,81,183,109,245,1949,0.56,0.74,27,us,21-Jul-88,Texas A&M University,6,207.5,C,LAC,119.25,27.69632748
DeJuan Blair,1.931034483,29,180,56,26,57,45.6,0,0,0,4,6,66.7,16,40,56,3,7,1,13,41,77,0.23,0.54,26,us,22-Apr-89,University of Pittsburgh,5,197.5,PF,WAS,121.5,31.14885435
DeMar DeRozan,20.06666667,60,2100,1204,409,990,41.3,25,88,28.4,361,434,83.2,41,236,277,210,73,11,137,122,984,1.53,0.53,26,us,7-Aug-89,University of Southern California,5,197.5,SG,TOR,99.45,25.49591412
DeMarcus Cousins,24.08474576,59,2013,1421,498,1066,46.7,2,8,25,423,541,78.2,185,562,747,210,90,103,254,241,1631,0.83,0.35,25,us,13-Aug-90,University of Kentucky,4,207.5,C,SAC,121.5,28.2188997
Dennis Schroder,9.974025974,77,1516,768,284,665,42.7,52,148,35.1,148,179,82.7,29,135,164,317,49,4,150,127,740,2.11,0.33,22,de,15-Sep-93,,1,182.5,PG,ATL,77.4,23.23888159
Derrick Favors,16.04054054,74,2280,1187,482,918,52.5,1,6,16.7,222,332,66.9,196,411,607,112,60,123,121,210,1422,0.93,0.5,24,us,15-Jul-91,Georgia Institute of Technology,4,205,PF,UTA,119.25,28.37596669
Derrick Rose,17.7254902,51,1530,904,338,835,40.5,76,271,28,152,187,81.3,35,126,161,251,36,16,161,63,675,1.56,0.22,27,us,4-Oct-88,University of Memphis,5,187.5,PG,CHI,85.5,24.32
Devin Harris,8.75,76,1685,665,219,524,41.8,95,266,35.7,132,162,81.5,13,122,135,237,78,14,85,147,709,2.79,0.92,32,us,27-Feb-83,University of Wisconsin,10,187.5,PG,DAL,86.4,24.576
Devyn Marble,2.3125,16,208,37,14,44,31.8,4,22,18.2,5,16,31.3,5,26,31,17,9,2,9,14,46,1.89,1,23,us,21-Sep-92,University of Iowa,R,195,SG,ORL,90,23.66863905
Dewayne Dedmon,3.661016949,59,845,216,91,162,56.2,0,1,0,34,64,53.1,118,177,295,9,16,50,51,141,434,0.18,0.31,26,us,12-Aug-89,University of Southern California,1,210,C,ORL,110.25,25
Dirk Nowitzki,17.31168831,77,2282,1333,487,1062,45.9,104,274,38,255,289,88.2,44,413,457,143,39,33,82,160,1314,1.74,0.48,37,de,19-Jun-78,,16,210,PF,DAL,110.25,25
Donald Sloan,7.377358491,53,1107,391,145,355,40.8,41,131,31.3,60,77,77.9,12,131,143,190,23,0,65,47,455,2.92,0.35,27,us,15-Jan-88,Texas A&M University,3,187.5,PG,IND,92.25,26.24
Donatas Motiejunas,12.04225352,71,2037,855,353,700,50.4,49,133,36.8,100,166,60.2,137,284,421,130,56,34,123,203,960,1.06,0.46,25,lt,20-Sep-90,,2,210,PF,HOU,99.9,22.65306122
Draymond Green,11.65822785,79,2490,921,339,765,44.3,111,329,33.7,132,200,66,114,533,647,291,123,99,133,253,1454,2.19,0.93,25,us,4-Mar-90,Michigan State University,2,197.5,PF,GSW,103.5,26.53420926
Drew Gooden,5.431372549,51,864,277,110,276,39.9,23,59,39,34,44,77.3,72,151,223,49,21,9,28,91,375,1.75,0.75,34,us,24-Sep-81,University of Kansas,12,205,PF,WAS,112.5,26.76977989
Drew Gordon,1.888888889,9,71,17,8,19,42.1,0,3,0,1,2,50,7,11,18,2,1,0,8,7,18,0.25,0.13,25,us,12-Jul-90,University of New Mexico,R,202.5,PF,PHI,110.25,26.8861454
Dwight Buycks,8.666666667,6,123,52,18,40,45,7,11,63.6,9,10,90,2,10,12,14,3,0,12,3,46,1.17,0.25,26,us,6-Mar-89,Marquette University,1,187.5,PG,LAL,85.5,24.32
Dwight Howard,15.75609756,41,1223,646,251,423,59.3,1,2,50,143,271,52.8,110,321,431,50,28,53,115,137,793,0.44,0.24,30,us,8-Dec-85,,10,207.5,C,HOU,119.25,27.69632748
Dwight Powell,3.103448276,29,236,90,31,67,46.3,3,11,27.3,25,33,75.8,18,32,50,9,9,6,11,40,109,0.82,0.82,24,ca,20-Jul-91,Stanford University,R,207.5,PF,DAL,108,25.0834664
Earl Barron,2,16,143,32,12,39,30.8,2,4,50,6,12,50,14,14,28,5,4,2,5,26,33,1,0.8,34,us,14-Aug-81,University of Memphis,7,210,C,PHO,112.5,25.51020408
Earl Clark,2.7,10,93,27,11,30,36.7,4,14,28.6,1,4,25,1,22,23,3,3,4,6,12,32,0.5,0.5,27,us,17-Jan-88,University of Louisville,5,205,PF,NJN,101.25,24.0928019
Ed Davis,8.303797468,79,1840,656,282,469,60.1,0,0,0,92,189,48.7,230,370,600,94,49,98,58,202,1155,1.62,0.85,26,us,5-Jun-89,University of North Carolina,4,205,PF,LAL,108,25.6989887
Elfrid Payton,8.914634146,82,2489,731,301,708,42.5,11,42,26.2,118,214,55.1,107,242,349,533,142,20,203,193,1069,2.63,0.7,21,us,22-Feb-94,University of Louisiana at Lafayette,R,190,PG,ORL,83.25,23.06094183
Elton Brand,2.666666667,36,486,96,42,95,44.2,0,1,0,12,23,52.2,28,72,100,22,17,25,18,54,178,1.22,0.94,36,us,11-Mar-79,Duke University,15,200,C,ATL,123.75,30.9375
Enes Kanter,15.50666667,75,2136,1163,482,928,51.9,16,45,35.6,183,234,78.2,277,394,671,55,36,29,145,189,1312,0.38,0.25,23,ch,20-May-92,,3,207.5,C,OKC,110.25,25.60603861
Eric Bledsoe,17,81,2800,1377,468,1046,44.7,88,272,32.4,353,441,80,72,351,423,493,127,45,274,189,1525,1.8,0.46,26,us,9-Dec-89,University of Kentucky,4,182.5,PG,PHO,85.5,25.67085757
Eric Gordon,13.40983607,61,2018,818,285,694,41.1,141,315,44.8,107,133,80.5,28,131,159,229,50,14,122,145,713,1.88,0.41,27,us,25-Dec-88,Indiana University,6,190,SG,NOH,96.75,26.80055402
Erick Green,3.395348837,43,410,146,61,162,37.7,14,47,29.8,10,12,83.3,7,24,31,39,12,0,14,26,111,2.79,0.86,24,us,9-May-91,Virginia Polytechnic Institute and State University,R,190,PG,DEN,83.25,23.06094183
Ersan Ilyasova,11.53448276,58,1319,669,263,557,47.2,74,190,38.9,69,107,64.5,80,197,277,56,36,19,45,149,680,1.24,0.8,28,tr,15-May-87,,6,205,PF,MIL,105.75,25.1635931
E'Twaun Moore,2.660714286,56,504,149,62,139,44.6,13,38,34.2,12,20,60,12,34,46,33,20,6,14,45,155,2.36,1.43,26,us,28-Feb-89,Purdue University,3,190,SG,CHI,85.95,23.80886427
Evan Fournier,12.03448276,58,1661,698,253,575,44,85,225,37.8,107,147,72.8,28,125,153,120,40,2,82,116,569,1.46,0.49,23,fr,29-Oct-92,,2,197.5,SG,ORL,92.25,23.65005608
Evan Turner,9.5,82,2260,779,320,746,42.9,33,119,27.7,106,141,75.2,40,377,417,449,83,19,198,180,1088,2.27,0.42,26,ng,21-Oct-89,Vanderbilt University,1,207.5,C,GSW,114.75,26.65118305
Furkan Aldemir,2.268292683,41,540,93,40,78,51.3,0,5,0,13,27,48.1,78,98,176,28,17,16,17,96,261,1.65,1,24,tr,9-Aug-91,,R,205,PF,PHI,108,25.6989887
Gal Mekel,1.5,4,43,6,3,20,15,0,3,0,0,0,0,0,1,1,13,2,0,2,1,3,6.5,1,27,il,4-Mar-88,Wichita State University,1,187.5,PG,NOH,85.95,24.448
Garrett Temple,3.923076923,52,736,204,68,170,40,33,88,37.5,35,48,72.9,24,66,90,56,42,9,34,76,252,1.65,1.24,29,us,8-May-86,Louisiana State University,4,195,SG,WAS,87.75,23.07692308
Gary Harris,3.418181818,55,719,188,66,217,30.4,21,103,20.4,35,47,74.5,21,43,64,29,39,7,38,71,126,0.76,1.03,21,us,14-Sep-94,Michigan State University,R,190,SG,DEN,94.5,26.17728532
Gary Neal,10.05555556,54,1192,543,188,503,37.4,50,164,30.5,117,135,86.7,14,115,129,100,23,1,65,88,398,1.54,0.35,31,us,3-Oct-84,Towson University,4,190,SG,MIN,94.5,26.17728532
George Hill,16.09302326,43,1267,692,255,535,47.7,69,193,35.8,113,143,79,25,154,179,220,44,14,69,111,770,3.19,0.64,29,us,4-May-86,Indiana University-Purdue University Indianapolis,6,187.5,PG,IND,84.6,24.064
Gerald Green,11.94594595,74,1446,884,324,778,41.6,137,387,35.4,99,120,82.5,33,153,186,91,42,12,104,145,636,0.88,0.4,29,us,26-Jan-86,,7,197.5,SG,PHO,92.25,23.65005608
Gerald Henderson,12.1125,80,2315,969,370,847,43.7,45,136,33.1,184,217,84.8,36,237,273,206,51,22,110,135,901,1.87,0.46,28,us,9-Dec-87,Duke University,5,192.5,SG,CHA,96.75,26.10895598
Giannis Antetokounmpo,12.71604938,81,2541,1030,383,780,49.1,7,44,15.9,257,347,74.1,100,442,542,207,73,85,173,254,1277,1.2,0.42,21,gr,6-Dec-94,,1,207.5,SG,MIL,99.9,23.20220642
Glen Davis,3.972972973,74,904,294,117,255,45.9,0,4,0,60,95,63.2,43,126,169,39,41,21,39,132,352,1,1.05,29,us,1-Jan-86,Louisiana State University,7,202.5,PF,LAC,130.05,31.71467764
Glen Rice,2.2,5,43,11,3,15,20,1,7,14.3,4,6,66.7,2,2,4,2,0,0,2,11,1,1,0,24,us,1-Jan-91,Georgia Institute of Technology,1,195,SG,WAS,92.7,24.37869822
Goran Dragic,16.34615385,78,2640,1275,502,1002,50.1,90,259,34.7,181,234,77.4,81,193,274,350,78,15,173,195,1266,2.02,0.45,29,si,6-May-86,,6,187.5,SG,PHO,85.5,24.32
Gorgui Dieng,9.726027397,73,2193,710,259,512,50.6,1,6,16.7,191,244,78.3,223,386,609,146,71,126,126,188,1230,1.16,0.56,25,sn,18-Jan-90,University of Louisville,1,207.5,C,MIN,108.45,25.18798084
Grant Jerrett,2,8,51,16,7,26,26.9,1,15,6.7,1,1,100,2,7,9,3,2,2,3,11,10,1,0.67,22,us,8-Jul-93,University of Arizona,R,205,PF,UTA,105.75,25.1635931
Greg Monroe,15.91304348,69,2137,1098,423,853,49.6,0,0,0,252,336,75,229,475,704,142,78,34,149,148,1393,0.95,0.52,25,us,4-Jun-90,Georgetown University,4,207.5,PF,DET,119.25,27.69632748
Greg Smith,1.904761905,42,363,80,30,49,61.2,0,0,0,20,39,51.3,26,53,79,9,7,11,11,53,137,0.82,0.64,24,us,8-Jan-91,"California State University, Fresno",3,205,PF,DAL,112.5,26.76977989
Greg Stiemsma,0.823529412,17,66,14,6,8,75,0,0,0,2,4,50,9,6,15,3,2,0,7,15,23,0.43,0.29,30,us,26-Sep-85,University of Wisconsin,3,207.5,C,TOR,117,27.17375526
Greivis Vasquez,9.451219512,82,1991,775,296,725,40.8,133,351,37.9,50,66,75.8,22,194,216,302,46,10,119,177,785,2.54,0.39,28,ve,16-Jan-87,University of Maryland,4,195,PG,TOR,97.65,25.68047337
Ian Clark,1.9,30,192,57,19,55,34.5,10,30,33.3,9,9,100,4,12,16,12,9,3,9,20,52,1.33,1,24,us,7-Mar-91,Belmont University,1,187.5,SG,UTA,78.75,22.4
Ian Mahinmi,4.344262295,61,1146,265,117,212,55.2,0,0,0,31,102,30.4,105,251,356,33,30,46,59,172,505,0.56,0.51,29,fr,5-Nov-86,,6,207.5,C,IND,112.5,26.12861083
Iman Shumpert,8,62,1545,496,193,471,41,67,196,34.2,43,64,67.2,55,169,224,135,81,16,91,138,562,1.48,0.89,25,us,26-Jun-90,Georgia Institute of Technology,3,192.5,SG,NYK,99,26.716141
Isaiah Canaan,9.191489362,47,938,432,146,378,38.6,91,246,37,49,60,81.7,18,69,87,98,29,3,62,83,344,1.58,0.47,24,us,21-May-91,Murray State University,1,180,PG,PHI,90.45,27.91666667
Isaiah Thomas,16.43283582,67,1726,1101,335,796,42.1,129,346,37.3,302,348,86.8,33,120,153,284,57,5,143,150,950,1.99,0.4,26,us,7-Feb-89,University of Washington,3,172.5,PG,BOS,83.25,27.97731569
J.J. Barea,7.532467532,77,1362,580,225,536,42,54,167,32.3,76,94,80.9,23,111,134,263,33,1,70,104,612,3.76,0.47,31,pr,26-Jun-84,Northeastern University,8,180,PG,DAL,83.25,25.69444444
Jabari Brown,11.94736842,19,568,227,70,170,41.2,23,62,37.1,64,85,75.3,3,33,36,40,12,2,32,33,164,1.25,0.38,23,us,18-Dec-92,University of Missouri,R,190,SG,LAL,96.75,26.80055402
Jack Cooley,1.6875,16,87,27,9,22,40.9,0,0,0,9,21,42.9,10,15,25,1,6,3,3,23,34,0.33,2,24,us,4-Apr-91,University of Notre Dame,R,202.5,PF,UTA,117,28.53223594
Jamaal Franklin,1,3,13,3,1,2,50,1,2,50,0,0,0,1,1,2,3,0,1,3,4,5,1,0,24,us,21-Jul-91,San Diego State University,1,192.5,SG,DEN,85.95,23.19446787
Jamal Crawford,15.78125,64,1703,1010,332,839,39.6,119,364,32.7,227,252,90.1,18,106,124,158,59,14,92,108,741,1.72,0.64,35,us,20-Mar-80,University of Michigan,14,192.5,SG,LAC,90,24.28740091
Jameer Nelson,8.301587302,63,1406,523,205,504,40.7,89,258,34.5,24,36,66.7,33,113,146,253,47,6,109,136,555,2.32,0.43,33,us,9-Feb-82,Saint Joseph's University,10,180,PG,DAL,85.5,26.38888889
James Harden,27.37037037,81,2981,2217,647,1470,44,208,555,37.5,715,824,86.8,75,384,459,565,154,60,321,208,2202,1.76,0.48,26,us,26-Aug-89,Arizona State University,5,192.5,SG,HOU,99,26.716141
James Johnson,7.914285714,70,1370,554,238,404,58.9,11,51,21.6,67,102,65.7,61,196,257,95,54,70,79,155,750,1.2,0.68,28,us,20-Feb-87,Wake Forest University,5,202.5,PF,TOR,112.5,27.43484225
James Michael McAdoo,4.133333333,15,137,62,24,44,54.5,0,0,0,14,25,56,15,22,37,2,5,9,6,21,78,0.33,0.83,22,us,4-Jan-93,University of North Carolina,R,202.5,PF,GSW,103.5,25.24005487
JaMychal Green,2.583333333,24,164,62,27,47,57.4,0,6,0,8,10,80,19,26,45,4,5,5,14,25,85,0.29,0.36,25,us,21-Jun-90,University of Alabama,R,202.5,PF,SAS,102.15,24.91083676
Jannero Pargo,4.555555556,9,73,41,15,35,42.9,9,22,40.9,2,2,100,0,3,3,8,0,0,3,8,29,2.67,0,36,us,22-Oct-79,University of Arkansas,10,182.5,PG,CHA,78.75,23.64421092
Jared Cunningham,1.842105263,19,89,35,12,33,36.4,4,13,30.8,7,13,53.8,1,8,9,10,3,0,7,12,23,1.43,0.43,24,us,22-May-91,Oregon State University,2,190,SG,LAC,87.75,24.30747922
Jared Dudley,7.194444444,72,1717,518,198,423,46.8,74,192,38.5,48,67,71.6,45,175,220,130,72,11,62,113,645,2.1,1.16,30,us,10-Jul-85,Boston College,7,197.5,SG,MIL,101.25,25.95737863
Jared Sullinger,13.27586207,58,1566,770,311,708,43.9,52,184,28.3,96,129,74.4,147,294,441,134,44,42,78,153,923,1.72,0.56,23,us,4-Mar-92,Ohio State University,2,202.5,PF,BOS,117,28.53223594
Jarrett Jack,11.9625,80,2241,957,359,817,43.9,39,146,26.7,200,227,88.1,19,226,245,373,75,13,191,143,987,1.95,0.39,32,us,28-Oct-83,Georgia Institute of Technology,9,187.5,PG,NJN,90,25.6
Jason Maxiell,3.327868852,61,878,203,81,192,42.2,0,0,0,41,71,57.7,86,117,203,19,18,44,29,96,317,0.66,0.62,32,us,18-Feb-83,University of Cincinnati,9,197.5,PF,CHA,117,29.99519308
Jason Richardson,9.052631579,19,416,172,62,178,34.8,31,96,32.3,17,22,77.3,13,53,66,38,13,3,16,28,155,2.38,0.81,34,us,20-Jan-81,Michigan State University,12,195,SG,PHI,99,26.03550296
JaVale McGee,4.608695652,23,256,106,42,79,53.2,0,0,0,22,33,66.7,18,43,61,3,2,20,18,30,126,0.17,0.11,27,us,19-Jan-88,"University of Nevada, Reno",6,210,C,PHI,121.5,27.55102041
Jeff Adrien,3.529411765,17,215,60,19,44,43.2,0,0,0,22,38,57.9,23,54,77,15,4,9,9,30,115,1.67,0.44,29,us,10-Feb-86,University of Connecticut,4,197.5,PF,MIN,110.25,28.26470117
Jeff Ayres,2.68627451,51,383,137,55,95,57.9,0,0,0,27,36,75,37,80,117,14,8,8,26,60,209,0.54,0.31,28,us,29-Apr-87,Arizona State University,4,202.5,PF,SAS,108,26.33744856
Jeff Teague,15.91780822,73,2228,1162,408,887,46,71,207,34.3,275,319,86.2,30,154,184,513,125,31,205,139,1287,2.5,0.61,27,us,10-Jun-88,Wake Forest University,5,185,PG,ATL,83.7,24.45580716
Jerel McNeal,1.5,6,36,9,3,11,27.3,1,2,50,2,2,100,0,3,3,2,3,1,5,5,5,0.4,0.6,28,us,1-Jun-87,Marquette University,R,187.5,PG,PHO,90,25.6
Jeremy Lamb,6.276595745,47,633,295,104,250,41.6,38,111,34.2,49,55,89.1,8,99,107,44,21,6,27,52,294,1.63,0.78,23,us,30-May-92,University of Connecticut,2,192.5,SG,OKC,83.25,22.46584584
Jeremy Lin,11.24324324,74,1907,832,277,654,42.4,65,176,36.9,213,268,79.5,26,170,196,339,82,32,166,189,883,2.04,0.49,27,us,23-Aug-88,Harvard University,4,187.5,PG,LAL,90,25.6
Jerome Jordan,3.136363636,44,383,138,50,94,53.2,0,0,0,38,44,86.4,52,53,105,13,8,15,22,58,207,0.59,0.36,29,jm,29-Sep-86,University of Tulsa,1,210,C,NJN,113.85,25.81632653
Jerrelle Benimon,0,2,3,0,0,0,0,0,0,0,0,0,0,1,2,3,0,0,0,1,0,2,0,0,24,us,1-Aug-91,Towson University,R,200,PF,UTA,110.25,27.5625
Jerryd Bayless,7.766233766,77,1717,598,220,516,42.6,37,120,30.8,121,137,88.3,22,189,211,233,59,12,133,163,668,1.75,0.44,27,us,20-Aug-88,University of Arizona,6,187.5,PG,MIL,90,25.6
Jimmer Fredette,3.56,50,509,178,63,166,38,9,48,18.8,43,45,95.6,8,32,40,58,15,2,33,43,155,1.76,0.46,26,us,25-Feb-89,Brigham Young University,3,185,PG,NOH,87.75,25.63915267
Jimmy Butler,20.01538462,65,2513,1301,421,912,46.2,73,193,37.8,386,463,83.4,114,265,379,212,114,36,93,108,1381,2.28,1.23,26,us,14-Sep-89,Marquette University,3,197.5,SG,CHI,99,25.38054799
JJ Hickson,7.561643836,73,1411,552,218,459,47.5,0,2,0,116,201,57.7,150,302,452,57,36,35,96,136,710,0.59,0.38,27,us,4-Sep-88,North Carolina State University,6,202.5,C,DEN,108.9,26.5569273
JJ Redick,16.37179487,78,2409,1277,447,938,47.7,200,458,43.7,183,203,90.1,22,145,167,137,39,8,95,134,1022,1.44,0.41,31,us,24-Jun-84,Duke University,8,190,SG,LAC,85.5,23.68421053
Joakim Noah,7.23880597,67,2049,485,190,427,44.5,0,2,0,105,174,60.3,219,427,646,312,48,74,123,203,1136,2.54,0.39,30,us,25-Feb-85,University of Florida,7,207.5,C,CHI,103.5,24.03832196
Jodie Meeks,11.05,60,1462,663,222,534,41.6,74,212,34.9,145,160,90.6,12,92,104,79,59,6,57,76,527,1.39,1.04,28,us,21-Aug-87,University of Kentucky,5,190,SG,DET,94.5,26.17728532
Joe Harris,2.666666667,51,493,136,48,120,40,31,84,36.9,9,15,60,7,34,41,26,7,2,27,62,107,0.96,0.26,24,us,7-Sep-91,University of Virginia,R,195,SG,CLE,98.55,25.91715976
Joe Johnson,14.425,80,2791,1154,446,1025,43.5,121,337,35.9,141,176,80.1,53,331,384,292,59,14,137,120,1152,2.13,0.43,34,us,29-Jun-81,University of Arkansas,13,197.5,SG,NJN,108,27.68787053
Joel Anthony,1.775510204,49,406,87,36,62,58.1,0,0,0,15,22,68.2,32,61,93,5,12,49,12,55,201,0.42,1,33,ca,9-Aug-82,"University of Nevada, Las Vegas",7,202.5,C,DET,110.25,26.8861454
Joel Freeland,3.520833333,48,617,169,74,151,49,0,0,0,21,25,84,62,129,191,16,9,23,23,93,304,0.7,0.39,28,gb,7-Feb-87,,2,205,C,POR,112.5,26.76977989
Joey Dorsey,2.666666667,69,854,184,80,145,55.2,0,1,0,24,83,28.9,103,176,279,25,40,25,41,157,388,0.61,0.98,32,us,16-Dec-83,University of Memphis,3,200,PF,HOU,120.6,30.15
Joffrey Lauvergne,3.875,24,268,93,36,89,40.4,3,16,18.8,18,28,64.3,27,50,77,13,8,10,22,43,116,0.59,0.36,24,fr,30-Sep-91,,R,207.5,C,DEN,99,22.99317753
John Henson,7.014925373,67,1228,470,196,346,56.6,0,0,0,78,137,56.9,124,188,312,59,28,135,87,152,708,0.68,0.32,25,us,28-Dec-90,University of North Carolina,2,207.5,C,MIL,103.05,23.93380752
John Jenkins,5.625,24,297,135,49,99,49.5,21,52,40.4,16,19,84.2,2,37,39,13,10,0,8,15,136,1.63,1.25,24,us,6-Mar-91,Vanderbilt University,2,190,SG,ATL,96.75,26.80055402
John Lucas III,4.666666667,21,272,98,42,104,40.4,9,29,31,5,5,100,4,12,16,60,8,0,16,18,104,3.75,0.5,33,us,21-Nov-82,Oklahoma State University,6,177.5,PG,DET,74.7,23.70958143
Johnny O'Bryant III,2.941176471,34,368,100,44,120,36.7,0,0,0,12,27,44.4,26,38,64,17,5,4,25,44,74,0.68,0.2,22,us,1-Jun-93,Louisiana State University,R,202.5,PF,MIL,115.65,28.20301783
Jon Leuer,4.53968254,63,824,286,121,273,44.3,7,29,24.1,37,59,62.7,50,157,207,46,17,9,35,86,356,1.31,0.49,26,us,14-May-89,University of Wisconsin,3,205,PF,MEM,102.6,24.41403926
Jonas Jerebko,5.973333333,75,1230,448,169,379,44.6,54,140,38.6,56,66,84.8,93,189,282,71,46,18,44,135,601,1.61,1.05,28,se,2-Mar-87,,4,205,PF,DET,103.95,24.73527662
Jonas Valanciunas,12.0375,80,2096,963,373,652,57.2,0,1,0,217,276,78.6,215,478,693,39,33,95,109,222,1376,0.36,0.3,23,lt,6-May-92,,2,210,C,TOR,119.25,27.04081633
Jordan Adams,3.133333333,30,248,94,35,86,40.7,10,25,40,14,23,60.9,9,19,28,16,16,7,14,24,87,1.14,1.14,21,us,8-Jul-94,"University of California, Los Angeles",R,192.5,SG,MEM,94.05,25.38033395
Jordan Clarkson,11.91525424,59,1476,703,267,596,44.8,38,121,31.4,131,158,82.9,56,135,191,206,51,12,96,109,711,2.15,0.53,23,us,7-Jun-92,University of Missouri,R,192.5,PG,LAL,87.3,23.55877888
Jordan Farmar,4.638888889,36,529,167,61,158,38.6,35,97,36.1,10,11,90.9,8,34,42,67,20,5,32,52,171,2.09,0.63,29,us,30-Nov-86,"University of California, Los Angeles",7,185,PG,LAC,81,23.66691015
Jordan Hill,12.01428571,70,1874,841,357,777,45.9,3,11,27.3,124,168,73.8,174,382,556,103,34,52,106,164,1016,0.97,0.32,28,us,27-Jul-87,University of Arizona,5,205,C,LAL,105.75,25.1635931
Jorge Gutierrez,2.65,20,174,53,22,41,53.7,0,3,0,9,13,69.2,5,20,25,22,6,0,12,25,71,1.83,0.5,27,mx,27-Dec-88,University of California,1,187.5,PG,MIL,85.95,24.448
Jose Calderon,9.095238095,42,1270,382,147,354,41.5,59,142,41.5,29,32,90.6,19,105,124,198,31,0,75,76,450,2.64,0.41,34,es,28-Sep-81,,9,187.5,PG,NYK,90,25.6
Josh McRoberts,4.235294118,17,296,72,28,53,52.8,8,19,42.1,8,13,61.5,7,38,45,33,12,3,22,41,113,1.5,0.55,28,us,28-Feb-87,Duke University,7,205,PF,MIA,108,25.6989887
JR Smith,12.1,70,2079,847,315,755,41.7,163,426,38.3,54,72,75,30,188,218,195,82,22,97,163,809,2.01,0.85,30,us,9-Sep-85,,10,195,SG,NYK,101.25,26.62721893
Jrue Holiday,14.8,40,1303,592,238,534,44.6,51,135,37.8,65,76,85.5,32,103,135,274,63,23,91,110,689,3.01,0.69,25,us,12-Jun-90,"University of California, Los Angeles",5,190,PG,NOH,92.25,25.55401662
Julius Randle,2,1,14,2,1,3,33.3,0,0,0,0,2,0,0,0,0,0,0,0,1,1,-3,0,0,21,us,29-Nov-94,University of Kentucky,R,202.5,PF,LAL,112.5,27.43484225
Justin Hamilton,5.341463415,41,713,219,85,178,47.8,10,31,32.3,39,47,83,57,77,134,36,27,30,26,70,319,1.39,1.04,25,us,1-Apr-90,Louisiana State University,1,210,C,MIN,117,26.53061224
Justin Holiday,4.305084746,59,657,254,91,235,38.7,35,109,32.1,37,45,82.2,12,61,73,48,40,12,29,54,246,1.66,1.38,26,us,5-Apr-89,University of Washington,1,195,SG,GSW,83.25,21.89349112
Kalin Lucas,0,1,6,0,0,1,0,0,0,0,0,0,0,0,0,0,0,1,0,0,1,0,0,0,26,us,24-May-89,Michigan State University,R,182.5,PG,MEM,87.75,26.34640646
Kelly Olynyk,10.25,64,1424,656,251,528,47.5,61,175,34.9,93,136,68.4,92,211,303,109,64,39,98,213,753,1.11,0.65,24,ca,19-Apr-91,Gonzaga University,1,210,C,BOS,107.1,24.28571429
Kemba Walker,17.33870968,62,2119,1075,378,981,38.5,85,280,30.4,234,283,82.7,35,185,220,318,89,31,100,92,981,3.18,0.89,25,us,8-May-90,University of Connecticut,3,182.5,PG,CHA,77.4,23.23888159
Kendall Marshall,4.214285714,28,417,118,46,101,45.5,18,46,39.1,8,9,88.9,2,26,28,86,21,0,35,26,162,2.46,0.6,24,us,19-Aug-91,University of North Carolina,2,190,PG,MIL,90,24.93074792
Kendrick Perkins,3.617647059,68,1148,246,102,227,44.9,0,1,0,42,83,50.6,91,229,320,51,16,42,95,162,414,0.54,0.17,31,us,10-Nov-84,,11,205,C,OKC,121.5,28.91136228
Kenneth Faried,12.61333333,75,2086,946,373,736,50.7,1,8,12.5,199,288,69.1,242,426,668,89,62,57,118,211,1252,0.75,0.53,26,us,19-Nov-89,Morehead State University,3,200,PF,DEN,102.6,25.65
Kent Bazemore,5.2,75,1324,390,141,331,42.6,48,132,36.4,60,100,60,21,201,222,78,52,33,73,127,472,1.07,0.71,26,us,1-Jul-89,Old Dominion University,2,192.5,SG,ATL,90.45,24.40883792
Kentavious Caldwell-Pope,12.7195122,82,2587,1043,390,972,40.1,153,444,34.5,110,158,69.6,46,209,255,109,93,18,94,161,794,1.16,0.99,22,us,18-Feb-93,University of Georgia,1,192.5,SG,DET,92.25,24.89458593
Kenyon Martin,1.818181818,11,104,20,9,22,40.9,0,0,0,2,2,100,6,13,19,5,5,6,3,13,39,1.67,1.67,38,us,30-Dec-77,University of Cincinnati,14,202.5,PF,MIL,105.3,25.67901235
Kevin Garnett,6.872340426,47,952,323,143,306,46.7,1,7,14.3,36,45,80,48,263,311,77,46,17,46,109,556,1.67,1,39,us,19-May-76,,19,207.5,PF,MIN,108,25.0834664
Kevin Love,16.37333333,75,2532,1228,413,952,43.4,144,392,36.7,258,321,80.4,142,589,731,168,51,39,122,140,1493,1.38,0.42,27,us,7-Sep-88,"University of California, Los Angeles",6,205,PF,CLE,112.95,26.87685901
Kevin Martin,19.97435897,39,1302,779,267,625,42.7,75,191,39.3,170,193,88.1,19,123,142,89,33,1,76,76,587,1.17,0.43,32,us,1-Feb-83,Western Carolina University,10,197.5,SG,MIN,89.55,22.95785932
Kevin Seraphin,6.582278481,79,1235,520,231,450,51.3,0,2,0,58,82,70.7,87,201,288,59,10,59,98,197,595,0.6,0.1,26,gf,7-Dec-89,,4,202.5,C,WAS,128.25,31.27572016
Kirk Hinrich,5.712121212,66,1610,377,142,381,37.3,58,168,34.5,35,50,70,20,101,121,148,46,14,73,144,379,2.03,0.63,34,us,2-Jan-81,University of Kansas,11,190,SG,CHI,85.5,23.68421053
KJ McDaniels,7.85483871,62,1352,487,172,434,39.6,43,150,28.7,100,133,75.2,65,135,200,72,44,70,105,126,473,0.69,0.42,22,us,9-Feb-93,Clemson University,R,195,SG,PHI,92.25,24.26035503
Klay Thompson,21.66233766,77,2455,1668,602,1299,46.3,239,545,43.9,225,256,87.9,27,220,247,222,87,60,149,122,1407,1.49,0.58,25,us,8-Feb-90,Washington State University,3,197.5,SG,GSW,96.75,24.80371735
Kobe Bryant,22.34285714,35,1207,782,266,713,37.3,54,184,29.3,196,241,81.3,26,173,199,197,47,7,128,65,612,1.54,0.37,37,us,23-Aug-78,,18,195,SG,LAL,95.4,25.0887574
Kosta Koufos,5.172839506,81,1348,419,182,358,50.8,0,0,0,55,85,64.7,121,305,426,37,29,63,69,148,699,0.54,0.42,26,us,24-Feb-89,Ohio State University,6,210,C,MEM,119.25,27.04081633
Kris Humphries,7.953125,64,1345,509,211,446,47.3,0,7,0,87,117,74.4,118,298,416,57,34,25,46,130,730,1.24,0.74,30,us,6-Feb-85,University of Minnesota,10,202.5,PF,WAS,105.75,25.78875171
Kyle Korver,12.14666667,75,2418,911,292,600,48.7,221,449,49.2,106,118,89.8,15,289,304,196,52,42,107,140,1078,1.83,0.49,34,us,17-Mar-81,Creighton University,11,197.5,SG,ATL,95.4,24.45761897
Kyle Lowry,17.77142857,70,2414,1244,430,1043,41.2,132,391,33.8,252,312,80.8,54,274,328,473,109,13,173,212,1321,2.73,0.63,29,us,25-Mar-86,Villanova University,8,182.5,PG,TOR,88.2,26.48151623
Kyle O'Quinn,5.764705882,51,824,294,119,242,49.2,12,43,27.9,44,57,77.2,46,153,199,59,31,39,55,110,431,1.07,0.56,25,us,26-Mar-90,Norfolk State University,2,205,PF,ORL,112.5,26.76977989
Kyrie Irving,21.70666667,75,2730,1628,578,1235,46.8,157,378,41.5,315,365,86.3,55,182,237,389,114,20,186,146,1495,2.09,0.61,23,au,23-Mar-92,Duke University,3,187.5,PG,CLE,86.85,24.704
LaMarcus Aldridge,23.3943662,71,2512,1661,659,1415,46.6,37,105,35.2,306,362,84.5,177,549,726,124,48,68,122,125,1693,1.02,0.39,30,us,19-Jul-85,University of Texas at Austin,8,207.5,PF,POR,117,27.17375526
Lance Stephenson,8.213114754,61,1573,501,207,550,37.6,18,105,17.1,69,110,62.7,39,238,277,240,38,8,128,134,552,1.88,0.3,25,us,5-Sep-90,University of Cincinnati,4,192.5,SG,CHA,103.5,27.93051105
Langston Galloway,11.84444444,45,1457,533,204,511,39.9,62,176,35.2,63,78,80.8,37,153,190,150,52,12,61,129,554,2.46,0.85,24,us,9-Dec-91,Saint Joseph's University,R,185,PG,NYK,90,26.29656684
Larry Drew II,3.833333333,12,219,46,20,58,34.5,4,26,15.4,2,3,66.7,1,14,15,45,6,0,25,13,48,1.8,0.24,25,us,5-Mar-90,"University of California, Los Angeles",R,185,PG,PHI,81,23.66691015
Lavoy Allen,5,63,1070,315,141,299,47.2,0,0,0,33,47,70.2,123,200,323,73,15,42,40,102,556,1.83,0.38,26,us,4-Feb-89,Temple University,3,202.5,C,IND,117,28.53223594
Leandro Barbosa,7.075757576,66,982,467,183,386,47.4,43,112,38.4,58,74,78.4,23,68,91,99,41,8,44,87,443,2.25,0.93,33,br,28-Nov-82,,11,187.5,SG,GSW,87.3,24.832
Lester Hudson,3.6,5,56,18,6,14,42.9,3,6,50,3,4,75,1,7,8,5,6,1,3,4,26,1.67,2,31,us,7-Aug-84,University of Tennessee at Martin,3,187.5,SG,LAC,85.5,24.32
Lorenzo Brown,4.206896552,29,549,122,52,122,42.6,6,28,21.4,12,19,63.2,14,56,70,90,28,6,30,49,209,3,0.93,25,us,26-Aug-90,North Carolina State University,1,192.5,PG,MIN,85.05,22.95159386
Lou Amundson,4.886792453,53,937,259,109,255,42.7,0,1,0,41,87,47.1,94,174,268,70,22,52,62,126,417,1.13,0.36,33,us,7-Dec-82,"University of Nevada, Las Vegas",8,202.5,PF,NYK,99,24.14266118
Lou Williams,15.525,80,2016,1242,375,928,40.4,152,447,34,340,395,86.1,24,127,151,164,88,10,101,103,946,1.62,0.87,29,us,27-Oct-86,,9,182.5,SG,TOR,78.75,23.64421092
Luc Mbah a Moute,9.850746269,67,1916,660,251,636,39.5,62,202,30.7,96,163,58.9,82,246,328,106,81,21,99,104,645,1.07,0.82,29,cm,9-Sep-86,"University of California, Los Angeles",6,200,PF,PHI,103.5,25.875
Lucas Nogueira,1,6,23,6,2,8,25,0,0,0,2,4,50,2,9,11,1,2,0,2,6,10,0.5,1,23,br,26-Jul-92,,R,210,C,TOR,108.45,24.59183673
Luis Scola,9.419753086,81,1659,763,300,642,46.7,5,20,25,158,226,69.9,138,388,526,105,47,18,94,192,955,1.12,0.5,35,ar,30-Apr-80,,7,202.5,PF,IND,108,26.33744856
Luke Ridnour,4,47,683,188,75,176,42.6,20,63,31.7,18,21,85.7,8,60,68,96,20,4,38,67,234,2.53,0.53,34,us,13-Feb-81,University of Oregon,11,185,PG,ORL,78.75,23.00949598
Malcolm Thomas,2.647058824,17,194,45,18,40,45,0,7,0,9,13,69.2,16,40,56,7,3,1,13,17,73,0.54,0.23,25,us,22-May-90,"University of California, Los Angeles",2,192.5,SG,PHI,90,24.28740091
Manu Ginobili,10.54285714,70,1587,738,251,589,42.6,89,258,34.5,147,204,72.1,28,183,211,293,67,20,154,138,780,1.9,0.44,38,ar,28-Jul-77,,12,195,SG,SAS,92.25,24.26035503
Marc Gasol,17.44444444,81,2687,1413,530,1072,49.4,3,17,17.6,350,440,79.5,115,515,630,307,70,131,176,208,1743,1.74,0.4,30,es,29-Jan-85,,6,212.5,C,MEM,114.75,25.41176471
Marcin Gortat,12.20731707,82,2453,1001,439,775,56.6,0,3,0,123,175,70.3,180,537,717,97,49,110,100,191,1486,0.97,0.49,31,pl,17-Feb-84,,7,207.5,C,WAS,108,25.0834664
Marco Belinelli,9.161290323,62,1388,568,199,470,42.3,86,230,37.4,84,99,84.8,26,131,157,94,31,3,61,85,506,1.54,0.51,29,it,25-Mar-86,,7,192.5,SG,SAS,94.5,25.50177096
Marcus Morris,10.43209877,81,2045,845,331,763,43.4,112,313,35.8,71,113,62.8,73,312,385,133,63,16,73,188,895,1.82,0.86,26,us,2-Sep-89,University of Kansas,3,202.5,PF,PHO,105.75,25.78875171
Marcus Smart,7.805970149,67,1808,523,175,477,36.7,91,272,33.5,82,127,64.6,61,161,222,208,99,18,90,176,633,2.31,1.1,21,us,6-Mar-94,Oklahoma State University,R,190,PG,BOS,99,27.42382271
Mario Chalmers,10.1625,80,2368,813,267,663,40.3,73,248,29.4,206,266,77.4,24,182,206,307,122,10,173,251,829,1.78,0.71,29,us,19-May-86,University of Kansas,6,185,PG,MIA,85.5,24.9817385
Markel Brown,4.595744681,47,781,216,76,210,36.2,17,64,26.6,47,57,82.5,16,91,107,39,31,12,27,57,234,1.44,1.15,23,us,29-Jan-92,Oklahoma State University,R,187.5,SG,NJN,85.5,24.32
Markieff Morris,15.34146341,82,2581,1258,512,1100,46.5,57,179,31.8,177,232,76.3,110,396,506,192,101,39,170,245,1283,1.13,0.59,26,us,2-Sep-89,University of Kansas,3,205,PF,PHO,110.25,26.2343843
Marreese Speights,10.40789474,76,1207,791,318,646,49.2,5,18,27.8,150,178,84.3,109,216,325,72,20,34,82,189,804,0.88,0.24,28,us,4-Aug-87,University of Florida,6,205,C,GSW,114.75,27.30517549
Marvin Williams,7.397435897,78,2035,577,210,495,42.4,95,265,35.8,62,87,71.3,58,328,386,100,69,36,60,146,798,1.67,1.15,29,us,19-Jun-86,University of North Carolina,9,202.5,PF,CHA,106.65,26.00823045
Mason Plumlee,8.743902439,82,1743,717,280,489,57.3,0,3,0,157,317,49.5,175,337,512,74,65,63,106,207,956,0.7,0.61,25,us,5-Mar-90,Duke University,1,207.5,C,NJN,110.25,25.60603861
Matt Bonner,3.666666667,72,935,264,94,230,40.9,46,126,36.5,30,37,81.1,29,86,115,47,10,12,11,65,294,4.27,0.91,35,us,5-Apr-80,University of Florida,10,205,PF,SAS,105.75,25.1635931
Matthew Dellavedova,4.76119403,67,1380,319,111,307,36.2,68,167,40.7,29,38,76.3,37,89,126,204,24,2,61,152,409,3.34,0.39,25,au,8-Sep-90,Saint Mary's College of California,1,190,SG,CLE,89.1,24.68144044
Meyers Leonard,5.945454545,55,847,327,125,245,51,47,112,42,30,32,93.8,46,204,250,32,10,14,39,113,472,0.82,0.26,23,us,27-Feb-92,University of Illinois at Urbana-Champaign,2,212.5,C,POR,110.25,24.41522491
Michael Carter-Williams,14.63636364,66,2150,966,364,919,39.6,36,153,23.5,202,291,69.4,64,289,353,442,111,30,253,167,1005,1.75,0.44,24,us,10-Oct-91,Syracuse University,1,195,PG,PHI,85.5,22.4852071
Mike Conley,15.81428571,70,2225,1107,393,882,44.6,107,277,38.6,214,249,85.9,29,180,209,375,89,14,156,139,1114,2.4,0.57,28,us,11-Oct-87,Ohio State University,7,182.5,PG,MEM,78.75,23.64421092
Mike Muscala,4.925,40,502,197,83,151,55,9,22,40.9,22,25,88,52,67,119,25,16,19,21,52,284,1.19,0.76,24,us,1-Jul-91,Bucknell University,1,207.5,PF,ATL,108,25.0834664
Mike Scott,7.779411765,68,1123,529,201,453,44.4,66,192,34.4,61,77,79.2,45,154,199,75,25,3,39,83,524,1.92,0.64,27,us,16-Jul-88,University of Virginia,2,200,PF,ATL,106.65,26.6625
Miles Plumlee,4.02739726,73,1194,294,136,254,53.5,0,0,0,22,46,47.8,112,208,320,34,41,66,51,111,562,0.67,0.8,27,us,1-Sep-88,Duke University,2,207.5,C,PHO,112.05,26.02409639
Mitch McGary,6.28125,32,485,201,88,165,53.3,0,2,0,25,40,62.5,53,112,165,14,16,16,31,72,289,0.45,0.52,23,us,6-Jun-92,University of Michigan,R,205,PF,OKC,114.75,27.30517549
Mo Williams,14.17647059,68,1980,964,341,860,39.7,119,348,34.2,163,187,87.2,22,152,174,424,46,14,172,162,907,2.47,0.27,33,us,19-Dec-82,University of Alabama,11,182.5,PG,CHA,89.1,26.75173579
Monta Ellis,18.9125,80,2699,1513,602,1354,44.5,81,284,28.5,228,303,75.2,34,156,190,329,148,25,198,197,1180,1.66,0.75,30,us,26-Oct-85,,9,187.5,SG,DAL,83.25,23.68
Nazr Mohammed,1.173913043,23,128,27,13,30,43.3,0,0,0,1,3,33.3,11,27,38,3,4,5,7,16,51,0.43,0.57,38,us,5-Sep-77,University of Kentucky,16,205,C,CHI,99.45,23.66448543
Nene,11,67,1694,737,307,601,51.1,1,5,20,122,202,60.4,84,261,345,123,66,22,124,180,795,0.99,0.53,33,br,13-Sep-82,,12,207.5,PF,WAS,112.5,26.12861083
Nerlens Noel,9.92,75,2311,744,302,653,46.2,0,0,0,140,230,60.9,185,426,611,128,133,142,146,208,1171,0.88,0.91,21,us,10-Apr-94,University of Kentucky,R,207.5,C,PHI,102.6,23.82929308
Nick Calathes,4.189655172,58,838,243,104,247,42.1,11,43,25.6,24,45,53.3,19,87,106,146,63,5,61,100,338,2.39,1.03,26,us,7-Feb-89,University of Florida,1,195,SG,MEM,95.85,25.20710059
Nick Collison,4.136363636,66,1101,273,106,253,41.9,16,60,26.7,45,65,69.2,90,160,250,90,35,25,45,156,461,2,0.78,35,us,26-Oct-80,University of Kansas,10,205,PF,OKC,114.75,27.30517549
Nick Johnson,2.642857143,28,262,74,26,75,34.7,5,21,23.8,17,25,68,13,26,39,11,7,3,19,34,58,0.58,0.37,23,us,22-Dec-92,University of Arizona,R,187.5,SG,HOU,90.9,25.856
Nik Stauskas,4.369863014,73,1127,319,108,296,36.5,48,149,32.2,55,64,85.9,11,77,88,67,20,17,40,92,274,1.68,0.5,22,ca,7-Oct-93,University of Michigan,R,195,SG,SAC,92.25,24.26035503
Nikola Mirotic,10.15853659,82,1654,833,253,624,40.5,99,313,31.6,228,284,80.3,63,341,404,97,54,54,89,172,926,1.09,0.61,24,me,11-Feb-91,,R,205,PF,CHI,99,23.55740631
Nikola Vucevic,19.2972973,74,2529,1428,631,1206,52.3,2,6,33.3,164,218,75.2,238,572,810,147,54,54,148,220,1716,0.99,0.37,25,ch,24-Oct-90,University of Southern California,3,210,C,ORL,117,26.53061224
Noah Vonleh,3.32,25,259,83,30,76,39.5,5,13,38.5,18,26,69.2,28,58,86,4,4,9,11,20,121,0.36,0.36,20,us,24-Aug-95,Indiana University,R,205,PF,CHA,108,25.6989887
Norris Cole,7.64,75,1831,573,230,558,41.2,55,176,31.3,58,81,71.6,13,146,159,255,57,15,99,124,609,2.58,0.58,27,us,13-Oct-88,Cleveland State University,3,185,PG,NOH,78.75,23.00949598
O.J. Mayo,11.35211268,71,1697,806,296,701,42.2,99,277,35.7,115,139,82.7,30,157,187,197,57,18,128,165,708,1.54,0.45,28,us,5-Nov-87,University of Southern California,6,192.5,SG,MIL,94.5,25.50177096
Ognjen Kuzmic,1.25,16,72,20,8,12,66.7,0,0,0,4,4,100,7,10,17,6,2,1,5,13,37,1.2,0.4,25,ba,16-May-90,,1,212.5,C,GSW,112.95,25.01314879
Omer Asik,7.328947368,76,1982,557,213,412,51.7,0,0,0,131,225,58.2,244,504,748,72,29,54,95,144,1072,0.76,0.31,29,tr,4-Jul-86,,4,210,C,NOH,114.75,26.02040816
Pablo Prigioni,4.089552239,67,1197,274,91,228,39.9,57,166,34.3,35,41,85.4,30,89,119,171,79,1,62,88,439,2.76,1.27,38,ar,17-May-77,,2,187.5,PG,NYK,83.25,23.68
Patrick Beverley,10.14285714,56,1727,568,204,532,38.3,115,323,35.6,45,60,75,67,170,237,192,59,23,83,182,653,2.31,0.71,27,us,12-Jul-88,University of Arkansas,2,182.5,PG,HOU,83.25,24.99530869
Patrick Christopher,1.5,4,29,6,3,12,25,0,4,0,0,0,0,2,4,6,0,1,0,1,6,3,0,1,27,us,3-Jun-88,University of California,R,192.5,SG,UTA,94.05,25.38033395
Patty Mills,6.882352941,51,801,351,128,336,38.1,62,182,34.1,33,40,82.5,21,54,75,87,28,2,35,58,293,2.49,0.8,27,au,11-Aug-88,Saint Mary's College of California,5,180,PG,SAS,83.25,25.69444444
Pau Gasol,18.53846154,78,2681,1446,570,1153,49.4,12,26,46.2,294,366,80.3,220,699,919,210,25,147,158,147,1934,1.33,0.16,35,es,6-Jul-80,,13,210,PF,CHI,112.5,25.51020408
Paul Millsap,16.68493151,73,2390,1218,443,930,47.6,77,216,35.6,255,337,75.7,139,431,570,223,130,69,166,201,1475,1.34,0.78,30,us,10-Feb-85,Louisiana Tech University,8,200,PF,ATL,110.7,27.675
Pero Antic,5.650793651,63,1037,356,108,296,36.5,52,173,30.1,88,123,71.5,58,131,189,49,18,14,49,132,354,1,0.37,33,mk,29-Jul-82,,1,207.5,PF,ATL,117,27.17375526
Phil Pressey,3.54,50,600,177,64,174,36.8,16,65,24.6,33,49,67.3,13,67,80,117,30,6,41,54,243,2.85,0.73,24,us,17-Feb-91,University of Missouri,1,177.5,PG,BOS,78.75,24.99504067
PJ Hairston,5.644444444,45,687,254,87,269,32.3,49,163,30.1,31,36,86.1,22,70,92,21,21,13,22,61,192,0.96,0.96,23,us,24-Dec-92,University of North Carolina,R,195,SG,CHA,103.5,27.21893491
Quincy Acy,5.852941176,68,1287,398,152,331,45.9,18,60,30,76,97,78.4,79,222,301,68,27,22,60,147,556,1.13,0.45,25,us,6-Oct-90,Baylor University,2,197.5,PF,NYK,108,27.68787053
Quincy Miller,2.9,10,120,29,9,38,23.7,3,18,16.7,8,11,72.7,4,16,20,8,7,5,5,9,32,1.6,1.4,23,us,18-Nov-92,Baylor University,2,202.5,PF,SAC,94.5,23.04526749
Rajon Rondo,8.941176471,68,2019,608,275,645,42.6,27,86,31.4,31,78,39.7,73,300,373,538,91,7,210,153,990,2.56,0.43,29,us,22-Feb-86,University of Kentucky,8,182.5,PG,DAL,83.7,25.13041847
Ramon Sessions,6.28125,64,1188,402,125,334,37.4,19,60,31.7,133,173,76.9,23,121,144,182,29,0,86,73,422,2.12,0.34,29,us,11-Apr-86,"University of Nevada, Reno",7,187.5,PG,WAS,85.5,24.32
Randy Foye,8.7,50,1087,435,148,402,36.8,94,263,35.7,45,55,81.8,9,76,85,119,34,11,60,97,360,1.98,0.57,32,us,24-Sep-83,Villanova University,8,190,SG,DEN,95.85,26.55124654
Ray McCallum,7.397058824,68,1436,503,206,470,43.8,34,111,30.6,57,84,67.9,52,128,180,188,45,11,85,92,551,2.21,0.53,24,us,12-Jun-91,University of Detroit Mercy,1,187.5,PG,SAC,85.5,24.32
Raymond Felton,3.724137931,29,281,108,43,106,40.6,10,34,29.4,12,15,80,2,24,26,41,11,4,18,17,106,2.28,0.61,31,us,26-Jun-84,University of North Carolina,9,182.5,PG,DAL,92.25,27.69750422
Reggie Evans,3.744680851,47,764,176,58,137,42.3,0,2,0,60,97,61.9,97,202,299,32,22,5,45,91,373,0.71,0.49,35,us,18-May-80,University of Iowa,12,200,PF,SAC,110.25,27.5625
Reggie Jackson,14.50649351,77,2268,1117,432,996,43.4,72,241,29.9,181,218,83,56,271,327,462,62,9,186,167,1190,2.48,0.33,25,it,16-Apr-90,Boston College,3,187.5,PG,OKC,93.6,26.624
Ricky Rubio,10.27272727,22,692,226,78,219,35.6,13,51,25.5,57,71,80.3,19,106,125,193,38,1,64,59,364,3.02,0.59,23,us,10-Sep-92,,1,197.5,SG,NYK,87.75,22.49639481
Robin Lopez,9.593220339,59,1638,566,234,437,53.5,0,1,0,98,127,77.2,190,204,394,55,16,84,73,122,810,0.75,0.22,27,us,1-Apr-88,Stanford University,6,210,C,POR,114.75,26.02040816
Rodney Hood,8.66,50,1064,433,155,374,41.4,62,170,36.5,61,80,76.3,9,108,117,83,30,12,45,119,392,1.84,0.67,23,us,20-Oct-92,Duke University,R,200,SG,UTA,92.7,23.175
Rodney Stuckey,12.61971831,71,1874,896,332,754,44,55,141,39,177,216,81.9,36,212,248,219,56,10,118,131,850,1.86,0.48,29,us,21-Apr-86,Eastern Washington University,7,192.5,PG,IND,94.5,25.50177096
Ronnie Price,5.139534884,43,982,221,77,223,34.5,31,109,28.4,36,45,80,19,50,69,165,67,4,52,118,319,3.17,1.29,32,us,21-Jun-83,Utah Valley State College,9,185,PG,LAL,85.5,24.9817385
Roy Hibbert,10.55263158,76,1926,802,317,710,44.6,0,2,0,168,204,82.4,156,384,540,84,18,125,107,216,1033,0.79,0.17,29,us,11-Dec-86,Georgetown University,6,215,C,IND,121.5,26.2844781
Rudy Gobert,8.365853659,82,2158,686,258,427,60.4,0,2,0,170,273,62.3,265,510,775,109,64,189,111,175,1440,0.98,0.58,23,fr,26-Jun-92,,1,212.5,C,UTA,110.25,24.41522491
Russ Smith,2.5,12,65,30,8,25,32,2,11,18.2,12,13,92.3,1,5,6,8,3,0,12,13,17,0.67,0.25,24,us,19-Apr-91,University of Louisville,R,180,PG,MEM,74.25,22.91666667
Ryan Anderson,13.6557377,61,1675,833,291,729,39.9,122,359,34,129,151,85.4,108,187,295,55,33,20,62,113,714,0.89,0.53,27,us,6-May-88,University of California,6,205,PF,NOH,108,25.6989887
Ryan Hollins,2.97826087,46,441,137,53,82,64.6,0,0,0,31,54,57.4,36,67,103,14,6,19,25,65,202,0.56,0.24,31,us,10-Oct-84,"University of California, Los Angeles",8,210,C,SAC,108,24.48979592
Ryan Kelly,6.384615385,52,1233,332,104,309,33.7,45,134,33.6,79,95,83.2,13,133,146,92,30,24,37,118,366,2.49,0.81,24,us,9-Apr-91,Duke University,1,207.5,PF,LAL,103.5,24.03832196
Samuel Dalembert,4,32,544,128,57,130,43.8,0,0,0,14,20,70,53,115,168,29,14,41,39,70,262,0.74,0.36,34,ht,10-May-81,Seton Hall University,12,207.5,C,NYK,114.75,26.65118305
Sean Kilpatrick,5.5,4,72,22,7,20,35,4,13,30.8,4,4,100,1,5,6,4,3,0,2,3,20,2,1.5,25,us,6-Jan-90,University of Cincinnati,R,190,SG,MIN,94.5,26.17728532
Serge Ibaka,14.328125,64,2116,917,374,786,47.6,77,205,37.6,92,110,83.6,135,364,499,55,30,155,97,194,1129,0.57,0.31,26,cg,18-Sep-89,,5,205,PF,OKC,105.75,25.1635931
Sergey Karasev,4.636363636,33,555,153,54,134,40.3,16,54,29.6,29,38,76.3,22,44,66,46,23,1,24,45,176,1.92,0.96,22,ru,26-Oct-93,,1,197.5,SG,NJN,93.6,23.99615446
Seth Curry,0,2,8,0,0,3,0,0,1,0,0,0,0,0,2,2,1,0,0,0,2,0,0,0,25,us,23-Aug-90,Duke University,1,185,PG,PHO,83.25,24.32432432
Shabazz Muhammad,13.47368421,38,866,512,194,397,48.9,20,51,39.2,104,145,71.7,63,91,154,44,18,7,35,49,456,1.26,0.51,23,us,13-Nov-92,"University of California, Los Angeles",1,195,SG,MIN,100.35,26.39053254
Shane Larkin,6.184210526,76,1865,470,187,432,43.3,35,116,30.2,61,78,78.2,29,147,176,226,93,9,83,150,629,2.72,1.12,23,us,2-Oct-92,University of Miami,1,177.5,PG,NYK,78.75,24.99504067
Shannon Brown,4,5,89,20,7,19,36.8,3,7,42.9,3,4,75,0,1,1,3,4,0,4,8,11,0.75,1,30,us,29-Nov-85,Michigan State University,8,190,SG,MIA,92.25,25.55401662
Shaun Livingston,5.91025641,78,1468,461,198,396,50,0,2,0,65,91,71.4,43,140,183,259,49,20,102,110,646,2.54,0.48,30,us,11-Sep-85,,9,197.5,PG,GSW,86.4,22.15029643
Shavlik Randolph,1.142857143,21,126,24,9,35,25.7,0,5,0,6,12,50,16,22,38,4,5,3,3,16,39,1.33,1.67,32,us,24-Nov-83,Duke University,7,205,PF,BOS,108,25.6989887
Shawne Williams,5.412698413,63,1087,341,121,300,40.3,64,178,36,35,40,87.5,36,130,166,44,25,21,30,135,383,1.47,0.83,24,us,27-Mar-91,Western Michigan University,R,207.5,PF,IND,112.5,26.12861083
Shelvin Mack,5.436363636,55,833,299,117,292,40.1,40,127,31.5,25,31,80.6,8,71,79,155,30,2,49,32,335,3.16,0.61,25,us,22-Apr-90,Butler University,3,187.5,PG,ATL,91.35,25.984
Sim Bhullar,0.666666667,3,3,2,1,2,50,0,0,0,0,0,0,0,1,1,1,0,1,0,0,4,0,0,23,ca,2-Dec-92,New Mexico State University,R,222.5,C,SAC,162,32.72314102
Spencer Dinwiddie,4.264705882,34,455,145,51,169,30.2,12,65,18.5,31,34,91.2,4,44,48,104,19,6,33,53,168,3.15,0.58,22,us,6-Apr-93,University of Colorado,R,195,PG,DET,90,23.66863905
Spencer Hawes,5.821917808,73,1274,425,163,415,39.3,55,176,31.3,44,68,64.7,30,228,258,88,24,53,61,173,511,1.44,0.39,27,us,28-Apr-88,University of Washington,7,212.5,PF,LAC,110.25,24.41522491
Stephen Curry,23.75,80,2613,1900,653,1341,48.7,286,646,44.3,308,337,91.4,56,285,341,619,163,16,249,158,2073,2.49,0.66,27,us,14-Mar-88,Davidson College,5,187.5,PG,GSW,85.5,24.32
Steve Blake,4.320987654,81,1529,350,122,327,37.3,77,219,35.2,29,41,70.7,16,121,137,288,41,5,104,118,500,2.77,0.39,35,us,26-Feb-80,University of Maryland,11,187.5,PG,POR,77.4,22.016
Steve Novak,1.8,35,197,63,22,56,39.3,19,48,39.6,0,2,0,2,20,22,11,0,2,5,23,57,2.2,0,32,us,13-Jun-83,Marquette University,8,205,PF,OKC,101.25,24.0928019
Steven Adams,7.671428571,70,1771,537,217,399,54.4,0,2,0,103,205,50.2,199,324,523,66,38,86,99,222,867,0.67,0.38,22,nz,20-Jul-93,University of Pittsburgh,1,210,C,OKC,114.75,26.02040816
Taj Gibson,10.32258065,62,1692,640,254,506,50.2,0,0,0,132,184,71.7,162,234,396,71,36,75,77,162,837,0.92,0.47,30,us,24-Jun-85,University of Southern California,5,202.5,PF,CHI,101.25,24.69135802
Tarik Black,6.015873016,63,1195,379,157,273,57.5,0,1,0,65,118,55.1,142,226,368,42,19,24,48,158,615,0.88,0.4,24,us,22-Nov-91,University of Kansas,R,202.5,C,LAL,112.5,27.43484225
Terrence Jones,11.6969697,33,889,386,158,299,52.8,13,37,35.1,57,94,60.6,78,142,220,36,18,59,37,78,504,0.97,0.49,23,us,9-Jan-92,University of Kentucky,2,202.5,PF,HOU,113.4,27.65432099
Tiago Splitter,8.230769231,52,1030,428,169,303,55.8,0,0,0,90,120,75,91,161,252,78,35,37,60,103,606,1.3,0.58,30,br,1-Jan-85,,4,207.5,C,SAS,110.25,25.60603861
Tim Duncan,13.8961039,77,2227,1070,419,819,51.2,2,7,28.6,230,311,74,170,534,704,230,63,151,131,165,1606,1.76,0.48,39,vi,25-Apr-76,Wake Forest University,17,207.5,C,SAS,112.5,26.12861083
Tim Frazier,5.181818182,11,240,57,21,61,34.4,5,17,29.4,10,21,47.6,6,22,28,60,8,0,25,26,77,2.4,0.32,25,us,1-Nov-90,Pennsylvania State University,R,182.5,PG,POR,76.5,22.96866204
Tim Hardaway Jr.,11.48571429,70,1681,804,279,717,38.9,121,354,34.2,125,156,80.1,12,144,156,127,20,14,82,119,570,1.55,0.24,23,us,16-Mar-92,University of Michigan,1,195,SG,NYK,92.25,24.26035503
Timofey Mozgov,9.691358025,81,2046,785,314,566,55.5,2,6,33.3,155,216,71.8,203,388,591,55,33,97,116,227,1132,0.47,0.28,29,ru,16-Jul-86,,4,212.5,C,CLE,123.75,27.40484429
Toney Douglas,4.25,12,177,51,19,51,37.3,5,18,27.8,8,13,61.5,2,20,22,24,11,4,10,20,65,2.4,1.1,29,us,16-Mar-86,Florida State University,5,185,SG,NOH,87.75,25.63915267
Tony Allen,8.555555556,63,1648,539,225,455,49.5,10,29,34.5,79,126,62.7,103,177,280,86,129,30,86,166,701,1,1.5,33,us,11-Jan-82,Oklahoma State University,10,190,SG,MEM,95.85,26.55124654
Tony Parker,14.35294118,68,1953,976,404,832,48.6,38,89,42.7,130,166,78.3,15,114,129,335,44,2,146,108,876,2.3,0.3,33,be,17-May-82,,13,185,PG,SAS,83.25,24.32432432
Toure' Murry,1.2,5,18,6,2,5,40,0,0,0,2,2,100,1,0,1,1,1,0,4,2,2,0.25,0.25,26,us,8-Nov-89,Wichita State University,1,192.5,SG,WAS,87.75,23.68021589
Trevor Booker,7.17721519,79,1564,567,226,464,48.7,29,84,34.5,86,148,58.1,139,258,397,83,43,41,88,144,743,0.94,0.49,28,us,25-Nov-87,Clemson University,4,200,PF,UTA,102.6,25.65
Trey Burke,12.80263158,76,2288,973,370,1005,36.8,124,390,31.8,109,145,75.2,31,173,204,328,65,15,124,119,790,2.65,0.52,23,us,12-Nov-92,University of Michigan,1,182.5,PG,UTA,85.95,25.80596735
Troy Daniels,3.744680851,47,397,176,61,165,37,43,118,36.4,11,13,84.6,8,25,33,22,6,1,20,40,112,1.1,0.3,24,us,15-Jul-91,Virginia Commonwealth University,1,190,SG,MIN,92.25,25.55401662
Ty Lawson,15.24,75,2665,1143,404,926,43.6,70,205,34.1,265,363,73,42,192,234,720,92,9,185,128,1393,3.89,0.5,28,us,3-Nov-87,University of North Carolina,5,177.5,PG,DEN,87.75,27.85161674
Tyler Ennis,3.666666667,33,411,121,52,144,36.1,12,43,27.9,5,7,71.4,7,28,35,73,18,5,42,36,116,1.74,0.43,21,ca,24-Aug-94,Syracuse University,R,187.5,PG,PHO,87.3,24.832
Tyler Hansbrough,3.648648649,74,1058,270,86,165,52.1,1,7,14.3,97,139,69.8,106,159,265,21,30,15,20,141,460,1.05,1.5,30,us,3-Nov-85,University of North Carolina,5,202.5,PF,TOR,112.5,27.43484225
Tyler Johnson,5.9375,32,603,190,70,167,41.9,18,48,37.5,32,47,68.1,14,67,81,42,33,9,30,42,213,1.4,1.1,23,us,7-May-92,"California State University, Fresno",R,190,SG,MIA,83.7,23.18559557
Tyreke Evans,16.62025316,79,2690,1313,521,1165,44.7,69,227,30.4,202,291,69.4,82,334,416,521,100,37,246,198,1408,2.12,0.41,26,us,19-Sep-89,University of Memphis,5,195,SG,NOH,99,26.03550296
Tyson Chandler,10.28,75,2286,771,293,440,66.6,0,0,0,185,257,72,294,570,864,84,42,91,105,169,1528,0.8,0.4,33,us,2-Oct-82,,13,212.5,C,DAL,108,23.91695502
Udonis Haslem,4.209677419,62,995,261,107,239,44.8,2,10,20,45,64,70.3,71,187,258,46,21,13,41,113,407,1.12,0.51,35,us,9-Jun-80,University of Florida,11,200,PF,MIA,105.75,26.4375
Vander Blue,11,2,74,22,9,30,30,2,10,20,2,5,40,2,7,9,8,3,0,6,4,12,1.33,0.5,23,us,17-Jul-92,Marquette University,1,190,SG,LAL,90,24.93074792
Victor Oladipo,17.94444444,72,2573,1292,473,1086,43.6,84,248,33.9,262,320,81.9,51,251,302,295,120,19,204,187,1153,1.45,0.59,23,us,4-May-92,Indiana University,1,190,SG,ORL,94.5,26.17728532
Vince Carter,5.818181818,66,1091,384,135,406,33.3,69,232,29.7,45,57,78.9,27,106,133,79,43,14,43,102,327,1.84,1,38,us,26-Jan-77,University of North Carolina,16,195,SG,MEM,99,26.03550296
Wayne Ellington,10,65,1675,650,254,617,41.2,90,243,37,52,64,81.3,31,179,210,105,33,2,50,77,575,2.1,0.66,28,us,29-Oct-87,University of North Carolina,5,190,SG,LAL,90,24.93074792
Wesley Matthews,15.93333333,60,2024,956,337,752,44.8,173,445,38.9,109,145,75.2,38,184,222,139,77,10,81,132,872,1.72,0.95,29,us,14-Oct-86,Marquette University,5,192.5,SG,POR,99,26.716141
Will Barton,6.844827586,58,984,397,150,353,42.5,23,85,27.1,74,94,78.7,26,136,162,81,48,19,61,70,423,1.33,0.79,24,us,6-Jan-91,University of Memphis,2,195,SG,POR,78.75,20.71005917
Will Bynum,3.142857143,7,67,22,10,31,32.3,0,9,0,2,4,50,2,4,6,18,1,1,8,9,17,2.25,0.13,32,us,4-Jan-83,Georgia Institute of Technology,7,180,SG,WAS,83.25,25.69444444
Will Cherry,1.875,8,69,15,5,19,26.3,2,9,22.2,3,6,50,1,4,5,8,6,1,4,10,14,2,1.5,24,us,8-Feb-91,University of Montana,R,180,PG,CLE,83.25,25.69444444
Willie Green,5.884615385,52,951,306,118,306,38.6,42,121,34.7,28,34,82.4,14,65,79,68,26,5,48,81,242,1.42,0.54,34,us,28-Jul-81,University of Detroit Mercy,11,190,SG,ORL,90,24.93074792
Zach LaVine,10.1038961,77,1902,778,286,677,42.2,57,167,34.1,149,177,84.2,27,187,214,276,54,10,193,158,720,1.43,0.28,20,us,10-Mar-95,"University of California, Los Angeles",R,192.5,PG,MIN,85.05,22.95159386
Zach Randolph,16.09859155,71,2304,1143,454,932,48.7,7,20,35,228,298,76.5,225,522,747,153,69,14,156,175,1422,0.98,0.44,34,us,16-Jul-81,Michigan State University,13,202.5,PF,MEM,117,28.53223594
Zaza Pachulia,8.301369863,73,1730,606,240,529,45.4,0,3,0,126,160,78.8,197,303,500,178,80,21,133,170,929,1.34,0.6,31,ge,10-Feb-84,,11,207.5,C,MIL,121.5,28.2188997
Zoran Dragic,1.75,16,75,28,11,30,36.7,3,14,21.4,3,5,60,5,3,8,5,2,0,5,6,17,1,0.4,26,si,22-Jun-89,,R,192.5,SG,PHO,90,24.28740091